ctime,schemaname,relname,indexrelname,idx_scan,idx_tup_read,idx_tup_fetch,idx_blks_read,idx_blks_hit
946684800,public,supplier,pk_supplier,0,0,0,275,0
946684800,public,supplier,supplier_s_nationkey_s_suppkey_idx,0,0,0,275,0
946684800,public,supplier,supplier_s_suppkey_idx_like,0,0,0,1,0
946684800,pg_catalog,pg_database,pg_database_oid_index,425,424,424,2,545
946684800,pg_catalog,pg_database,pg_database_datname_index,213,212,212,2,332
946684800,public,part,part_p_type_p_partkey_idx,0,0,0,5765,0
946684800,public,part,pk_part,0,0,0,2746,0
946684800,public,part,part_p_name_idx,0,0,0,6806,0
946684800,public,part,part_p_container_p_brand_p_partkey_idx,0,0,0,6077,0
946684800,public,part,part_p_size_idx,0,0,0,2746,0
946684800,public,partsupp,partsupp_ps_suppkey_idx,0,0,0,10977,0
946684800,public,partsupp,pk_partsupp,0,0,0,10977,0
946684800,public,customer,customer_c_phone_idx_c_acctbal,0,0,0,3741,0
946684800,public,customer,customer_c_nationkey_c_custkey_idx,0,0,0,4115,0
946684800,public,customer,pk_customer,0,0,0,4115,0
946684800,public,customer,customer_c_mktsegment_c_custkey_idx,0,0,0,5778,0
946684800,public,customer,customer_c_phone_idx,0,0,0,4115,0
946684800,public,orders,orders_o_orderdate_o_orderkey_idx,0,0,0,20576,0
946684800,public,orders,orders_o_orderkey_o_orderdate_idx,0,0,0,20576,0
946684800,public,orders,pk_orders,0,0,0,20576,0
946684800,public,lineitem,lineitem_l_partkey_l_quantity_l_shipmode_idx,0,0,0,148752,0
946684800,public,lineitem,lineitem_l_orderkey_idx_part2,0,0,0,9855,0
946684800,public,lineitem,lineitem_l_orderkey_idx_part1,0,0,0,52019,0
946684800,public,lineitem,lineitem_l_orderkey_idx_l_returnflag,0,0,0,20313,0
946684800,public,lineitem,lineitem_l_orderkey_l_linenumber_l_shipdate_idx,0,0,0,115533,0
946684800,public,lineitem,lineitem_l_orderkey_idx,0,0,0,82274,0
946684800,public,lineitem,pk_lineitem,0,0,0,82274,0
946684800,public,lineitem,lineitem_l_shipdate_l_suppkey__idx,0,0,0,82274,0
946684800,public,nation,pk_nation,0,0,0,1,0
946684800,public,region,pk_region,0,0,0,1,0
946684800,pg_catalog,pg_statistic,pg_statistic_relid_att_inh_index,703,385,324,4,1610
946684800,pg_catalog,pg_type,pg_type_typname_nsp_index,36,15,15,4,113
946684800,pg_catalog,pg_type,pg_type_oid_index,1850,1831,1831,2,1958
946684800,pg_toast,pg_toast_2604,pg_toast_2604_index,0,0,0,0,0
946684800,pg_toast,pg_toast_2606,pg_toast_2606_index,0,0,0,0,0
946684800,pg_toast,pg_toast_2609,pg_toast_2609_index,0,0,0,0,0
946684800,pg_toast,pg_toast_1255,pg_toast_1255_index,0,0,0,0,0
946684800,pg_toast,pg_toast_2618,pg_toast_2618_index,75,240,240,2,118
946684800,pg_toast,pg_toast_3596,pg_toast_3596_index,0,0,0,0,0
946684800,pg_toast,pg_toast_2619,pg_toast_2619_index,21,26,26,2,37
946684800,pg_toast,pg_toast_2620,pg_toast_2620_index,0,0,0,0,0
946684800,pg_toast,pg_toast_2396,pg_toast_2396_index,0,0,0,0,0
946684800,pg_toast,pg_toast_2964,pg_toast_2964_index,0,0,0,0,0
946684800,pg_toast,pg_toast_3592,pg_toast_3592_index,0,0,0,0,0
946684800,pg_catalog,pg_authid,pg_authid_oid_index,93,93,93,2,184
946684800,pg_catalog,pg_authid,pg_authid_rolname_index,91,91,91,2,180
946684800,pg_catalog,pg_user_mapping,pg_user_mapping_user_server_index,0,0,0,0,0
946684800,pg_catalog,pg_user_mapping,pg_user_mapping_oid_index,0,0,0,0,0
946684800,pg_catalog,pg_attribute,pg_attribute_relid_attnum_index,4136,8940,8857,14,8763
946684800,pg_catalog,pg_attribute,pg_attribute_relid_attnam_index,41,47,41,4,483
946684800,pg_catalog,pg_proc,pg_proc_proname_args_nsp_index,156,684,684,6,384
946684800,pg_catalog,pg_proc,pg_proc_oid_index,1044,1044,1044,9,2162
946684800,pg_catalog,pg_class,pg_class_tblspc_relfilenode_index,0,0,0,2,94
946684800,pg_catalog,pg_class,pg_class_relname_nsp_index,521,272,272,5,1202
946684800,pg_catalog,pg_class,pg_class_oid_index,6169,10601,8723,4,6311
946684800,pg_catalog,pg_attrdef,pg_attrdef_oid_index,0,0,0,0,0
946684800,pg_catalog,pg_attrdef,pg_attrdef_adrelid_adnum_index,0,0,0,0,0
946684800,pg_catalog,pg_constraint,pg_constraint_oid_index,8,0,0,2,21
946684800,pg_catalog,pg_constraint,pg_constraint_contypid_index,0,0,0,2,13
946684800,pg_catalog,pg_constraint,pg_constraint_conrelid_index,0,0,0,2,13
946684800,pg_catalog,pg_constraint,pg_constraint_conname_nsp_index,0,0,0,2,13
946684800,pg_catalog,pg_inherits,pg_inherits_parent_index,0,0,0,0,0
946684800,pg_catalog,pg_inherits,pg_inherits_relid_seqno_index,0,0,0,0,0
946684800,pg_catalog,pg_index,pg_index_indexrelid_index,853,853,853,4,985
946684800,pg_catalog,pg_index,pg_index_indrelid_index,306,637,629,2,422
946684800,pg_catalog,pg_operator,pg_operator_oprname_l_r_n_index,67,123,123,4,184
946684800,pg_catalog,pg_operator,pg_operator_oid_index,517,358,358,3,1101
946684800,pg_catalog,pg_opfamily,pg_opfamily_oid_index,0,0,0,0,0
946684800,pg_catalog,pg_opfamily,pg_opfamily_am_name_nsp_index,0,0,0,0,0
946684800,pg_catalog,pg_opclass,pg_opclass_oid_index,322,322,322,4,426
946684800,pg_catalog,pg_opclass,pg_opclass_am_name_nsp_index,141,6129,6129,2,199
946684800,pg_catalog,pg_am,pg_am_oid_index,0,0,0,0,0
946684800,pg_catalog,pg_am,pg_am_name_index,0,0,0,0,0
946684800,pg_catalog,pg_amop,pg_amop_oid_index,0,0,0,0,0
946684800,pg_catalog,pg_amop,pg_amop_opr_fam_index,228,589,589,4,519
946684800,pg_catalog,pg_amop,pg_amop_fam_strat_index,465,465,465,3,996
946684800,pg_catalog,pg_amproc,pg_amproc_oid_index,0,0,0,0,0
946684800,pg_catalog,pg_amproc,pg_amproc_fam_proc_index,381,563,563,6,864
946684800,pg_catalog,pg_language,pg_language_oid_index,0,0,0,0,0
946684800,pg_catalog,pg_language,pg_language_name_index,0,0,0,0,0
946684800,pg_catalog,pg_largeobject_metadata,pg_largeobject_metadata_oid_index,0,0,0,0,0
946684800,pg_catalog,pg_largeobject,pg_largeobject_loid_pn_index,0,0,0,0,0
946684800,pg_catalog,pg_aggregate,pg_aggregate_fnoid_index,15,15,15,2,28
946684800,pg_catalog,pg_rewrite,pg_rewrite_rel_rulename_index,105,105,105,2,178
946684800,pg_catalog,pg_rewrite,pg_rewrite_oid_index,0,0,0,0,0
946684800,pg_catalog,pg_trigger,pg_trigger_oid_index,0,0,0,0,0
946684800,pg_catalog,pg_trigger,pg_trigger_tgrelid_tgname_index,0,0,0,0,0
946684800,pg_catalog,pg_trigger,pg_trigger_tgconstraint_index,0,0,0,0,0
946684800,pg_catalog,pg_event_trigger,pg_event_trigger_oid_index,0,0,0,0,0
946684800,pg_catalog,pg_event_trigger,pg_event_trigger_evtname_index,13,0,0,1,12
946684800,pg_catalog,pg_description,pg_description_o_c_o_index,0,0,0,0,0
946684800,pg_catalog,pg_cast,pg_cast_source_target_index,1816,576,576,2,1904
946684800,pg_catalog,pg_cast,pg_cast_oid_index,0,0,0,0,0
946684800,pg_catalog,pg_enum,pg_enum_typid_sortorder_index,0,0,0,0,0
946684800,pg_catalog,pg_enum,pg_enum_typid_label_index,0,0,0,0,0
946684800,pg_catalog,pg_enum,pg_enum_oid_index,0,0,0,0,0
946684800,pg_catalog,pg_namespace,pg_namespace_oid_index,714,714,714,2,756
946684800,pg_catalog,pg_namespace,pg_namespace_nspname_index,254,166,166,2,341
946684800,pg_catalog,pg_conversion,pg_conversion_oid_index,0,0,0,0,0
946684800,pg_catalog,pg_conversion,pg_conversion_name_nsp_index,0,0,0,0,0
946684800,pg_catalog,pg_conversion,pg_conversion_default_index,0,0,0,0,0
946684800,pg_catalog,pg_depend,pg_depend_reference_index,322,296,294,14,824
946684800,pg_catalog,pg_depend,pg_depend_depender_index,0,0,0,6,192
946684800,pg_catalog,pg_db_role_setting,pg_db_role_setting_databaseid_rol_index,484,0,0,1,483
946684800,pg_catalog,pg_tablespace,pg_tablespace_spcname_index,0,0,0,0,0
946684800,pg_catalog,pg_tablespace,pg_tablespace_oid_index,82,82,82,2,162
946684800,pg_catalog,pg_pltemplate,pg_pltemplate_name_index,0,0,0,0,0
946684800,pg_catalog,pg_auth_members,pg_auth_members_member_role_index,0,0,0,0,0
946684800,pg_catalog,pg_auth_members,pg_auth_members_role_member_index,0,0,0,0,0
946684800,pg_catalog,pg_shdepend,pg_shdepend_reference_index,11,11,11,2,11
946684800,pg_catalog,pg_shdepend,pg_shdepend_depender_index,1,0,0,2,0
946684800,pg_catalog,pg_shdescription,pg_shdescription_o_c_index,0,0,0,0,0
946684800,pg_catalog,pg_ts_config,pg_ts_config_oid_index,0,0,0,0,0
946684800,pg_catalog,pg_ts_config,pg_ts_config_cfgname_index,0,0,0,0,0
946684800,pg_catalog,pg_ts_config_map,pg_ts_config_map_index,0,0,0,0,0
946684800,pg_catalog,pg_ts_dict,pg_ts_dict_oid_index,0,0,0,0,0
946684800,pg_catalog,pg_ts_dict,pg_ts_dict_dictname_index,0,0,0,0,0
946684800,pg_catalog,pg_ts_parser,pg_ts_parser_oid_index,0,0,0,0,0
946684800,pg_catalog,pg_ts_parser,pg_ts_parser_prsname_index,0,0,0,0,0
946684800,pg_catalog,pg_ts_template,pg_ts_template_oid_index,0,0,0,0,0
946684800,pg_catalog,pg_ts_template,pg_ts_template_tmplname_index,0,0,0,0,0
946684800,pg_catalog,pg_extension,pg_extension_name_index,0,0,0,0,0
946684800,pg_catalog,pg_extension,pg_extension_oid_index,0,0,0,0,0
946684800,pg_catalog,pg_foreign_data_wrapper,pg_foreign_data_wrapper_name_index,0,0,0,0,0
946684800,pg_catalog,pg_foreign_data_wrapper,pg_foreign_data_wrapper_oid_index,0,0,0,0,0
946684800,pg_catalog,pg_foreign_server,pg_foreign_server_name_index,0,0,0,0,0
946684800,pg_catalog,pg_foreign_server,pg_foreign_server_oid_index,0,0,0,0,0
946684800,pg_catalog,pgxc_class,pgxc_class_pcrelid_index,0,0,0,0,0
946684800,pg_catalog,pgxc_node,pgxc_node_id_index,2,0,0,2,3
946684800,pg_catalog,pgxc_node,pgxc_node_name_index,108,106,106,2,199
946684800,pg_catalog,pgxc_node,pgxc_node_oid_index,183,181,181,2,274
946684800,pg_catalog,pgxc_group,pgxc_group_oid,0,0,0,0,0
946684800,pg_catalog,pgxc_group,pgxc_group_name_index,0,0,0,0,0
946684800,pg_catalog,pg_foreign_table,pg_foreign_table_relid_index,0,0,0,0,0
946684800,pg_catalog,pg_policy,pg_policy_polrelid_polname_index,0,0,0,0,0
946684800,pg_catalog,pg_policy,pg_policy_oid_index,0,0,0,0,0
946684800,pg_catalog,pg_replication_origin,pg_replication_origin_roname_index,0,0,0,0,0
946684800,pg_catalog,pg_replication_origin,pg_replication_origin_roiident_index,0,0,0,0,0
946684800,pg_catalog,pg_tablesample_method,pg_tablesample_method_oid_index,0,0,0,0,0
946684800,pg_catalog,pg_tablesample_method,pg_tablesample_method_name_index,0,0,0,0,0
946684800,pg_catalog,pg_default_acl,pg_default_acl_oid_index,0,0,0,0,0
946684800,pg_catalog,pg_default_acl,pg_default_acl_role_nsp_obj_index,6,0,0,1,5
946684800,pg_catalog,pg_seclabel,pg_seclabel_object_index,0,0,0,0,0
946684800,pg_catalog,pg_shseclabel,pg_shseclabel_object_index,0,0,0,0,0
946684800,pg_catalog,pg_collation,pg_collation_oid_index,0,0,0,0,0
946684800,pg_catalog,pg_collation,pg_collation_name_enc_nsp_index,2,2,2,3,3
946684800,pg_catalog,pg_range,pg_range_rngtypid_index,0,0,0,0,0
946684800,pg_catalog,pg_transform,pg_transform_type_lang_index,0,0,0,0,0
946684800,pg_catalog,pg_transform,pg_transform_oid_index,0,0,0,0,0
946684800,pg_toast,pg_toast_13078,pg_toast_13078_index,0,0,0,0,0
946684800,pg_toast,pg_toast_13083,pg_toast_13083_index,0,0,0,0,0
946684800,pg_toast,pg_toast_13088,pg_toast_13088_index,0,0,0,0,0
946684800,pg_toast,pg_toast_13093,pg_toast_13093_index,0,0,0,0,0
946684800,pg_toast,pg_toast_13098,pg_toast_13098_index,0,0,0,0,0
946684800,pg_toast,pg_toast_13103,pg_toast_13103_index,0,0,0,0,0
946684800,pg_toast,pg_toast_13108,pg_toast_13108_index,0,0,0,0,0
946684800,public,supplier,pk_supplier,12964,12964,12964,551,25715
946684800,public,supplier,supplier_s_nationkey_s_suppkey_idx,0,0,0,275,0
946684800,public,supplier,supplier_s_suppkey_idx_like,0,0,0,1,0
946684800,pg_catalog,pg_database,pg_database_oid_index,442,441,441,4,570
946684800,pg_catalog,pg_database,pg_database_datname_index,230,229,229,4,356
946684800,public,part,part_p_type_p_partkey_idx,0,0,0,5765,0
946684800,public,part,pk_part,1,1000698,1000698,5484,0
946684800,public,part,part_p_name_idx,0,0,0,6806,0
946684800,public,part,part_p_container_p_brand_p_partkey_idx,0,0,0,6077,0
946684800,public,part,part_p_size_idx,0,0,0,2746,0
946684800,public,partsupp,partsupp_ps_suppkey_idx,20037,802101,802101,20796,52556
946684800,public,partsupp,pk_partsupp,6414,12964,12964,14847,15451
946684800,public,customer,customer_c_phone_idx_c_acctbal,0,0,0,3741,0
946684800,public,customer,customer_c_nationkey_c_custkey_idx,0,0,0,4115,0
946684800,public,customer,pk_customer,0,0,0,4115,0
946684800,public,customer,customer_c_mktsegment_c_custkey_idx,0,0,0,5778,0
946684800,public,customer,customer_c_phone_idx,0,0,0,4115,0
946684800,public,orders,orders_o_orderdate_o_orderkey_idx,0,0,0,22959,20091
946684800,public,orders,orders_o_orderkey_o_orderdate_idx,0,0,0,20643,22530
946684800,public,orders,pk_orders,0,0,0,20643,22530
946684800,public,lineitem,lineitem_l_partkey_l_quantity_l_shipmode_idx,0,0,0,176630,91099
946684800,public,lineitem,lineitem_l_orderkey_idx_part2,0,0,0,9888,10582
946684800,public,lineitem,lineitem_l_orderkey_idx_part1,0,0,0,52170,56583
946684800,public,lineitem,lineitem_l_orderkey_idx_l_returnflag,0,0,0,20374,22191
946684800,public,lineitem,lineitem_l_orderkey_l_linenumber_l_shipdate_idx,0,0,0,115855,119246
946684800,public,lineitem,lineitem_l_orderkey_idx,0,0,0,82510,119176
946684800,public,lineitem,pk_lineitem,0,0,0,82510,119176
946684800,public,lineitem,lineitem_l_shipdate_l_suppkey__idx,1,349872,0,108063,94148
946684800,public,nation,pk_nation,12964,12964,12964,3,12963
946684800,public,region,pk_region,0,0,0,1,0
946684800,pg_catalog,pg_statistic,pg_statistic_relid_att_inh_index,726,401,340,7,1658
946684800,pg_catalog,pg_type,pg_type_typname_nsp_index,60,39,39,11,157
946684800,pg_catalog,pg_type,pg_type_oid_index,1963,1944,1944,6,2075
946684800,pg_toast,pg_toast_2604,pg_toast_2604_index,0,0,0,0,0
946684800,pg_toast,pg_toast_2606,pg_toast_2606_index,0,0,0,0,0
946684800,pg_toast,pg_toast_2609,pg_toast_2609_index,0,0,0,0,0
946684800,pg_toast,pg_toast_1255,pg_toast_1255_index,0,0,0,0,0
946684800,pg_toast,pg_toast_2618,pg_toast_2618_index,80,256,256,4,124
946684800,pg_toast,pg_toast_3596,pg_toast_3596_index,0,0,0,0,0
946684800,pg_toast,pg_toast_2619,pg_toast_2619_index,21,26,26,2,37
946684800,pg_toast,pg_toast_2620,pg_toast_2620_index,0,0,0,0,0
946684800,pg_toast,pg_toast_2396,pg_toast_2396_index,0,0,0,0,0
946684800,pg_toast,pg_toast_2964,pg_toast_2964_index,0,0,0,0,0
946684800,pg_toast,pg_toast_3592,pg_toast_3592_index,0,0,0,0,0
946684800,pg_catalog,pg_authid,pg_authid_oid_index,101,101,101,4,198
946684800,pg_catalog,pg_authid,pg_authid_rolname_index,99,99,99,4,194
946684800,pg_catalog,pg_user_mapping,pg_user_mapping_user_server_index,0,0,0,0,0
946684800,pg_catalog,pg_user_mapping,pg_user_mapping_oid_index,0,0,0,0,0
946684800,pg_catalog,pg_attribute,pg_attribute_relid_attnum_index,4381,9437,9349,21,9260
946684800,pg_catalog,pg_attribute,pg_attribute_relid_attnam_index,41,47,41,4,483
946684800,pg_catalog,pg_proc,pg_proc_proname_args_nsp_index,189,752,752,20,444
946684800,pg_catalog,pg_proc,pg_proc_oid_index,1124,1124,1124,25,2314
946684800,pg_catalog,pg_class,pg_class_tblspc_relfilenode_index,0,0,0,3,96
946684800,pg_catalog,pg_class,pg_class_relname_nsp_index,571,314,314,13,1302
946684800,pg_catalog,pg_class,pg_class_oid_index,6612,11342,9370,6,6762
946684800,pg_catalog,pg_attrdef,pg_attrdef_oid_index,0,0,0,0,0
946684800,pg_catalog,pg_attrdef,pg_attrdef_adrelid_adnum_index,0,0,0,0,0
946684800,pg_catalog,pg_constraint,pg_constraint_oid_index,8,0,0,2,21
946684800,pg_catalog,pg_constraint,pg_constraint_contypid_index,0,0,0,2,13
946684800,pg_catalog,pg_constraint,pg_constraint_conrelid_index,0,0,0,2,13
946684800,pg_catalog,pg_constraint,pg_constraint_conname_nsp_index,0,0,0,2,13
946684800,pg_catalog,pg_inherits,pg_inherits_parent_index,0,0,0,0,0
946684800,pg_catalog,pg_inherits,pg_inherits_relid_seqno_index,0,0,0,0,0
946684800,pg_catalog,pg_index,pg_index_indexrelid_index,904,904,904,7,1043
946684800,pg_catalog,pg_index,pg_index_indrelid_index,321,674,666,4,441
946684800,pg_catalog,pg_operator,pg_operator_oprname_l_r_n_index,90,146,146,13,227
946684800,pg_catalog,pg_operator,pg_operator_oid_index,535,376,376,11,1136
946684800,pg_catalog,pg_opfamily,pg_opfamily_oid_index,0,0,0,0,0
946684800,pg_catalog,pg_opfamily,pg_opfamily_am_name_nsp_index,0,0,0,0,0
946684800,pg_catalog,pg_opclass,pg_opclass_oid_index,343,343,343,7,454
946684800,pg_catalog,pg_opclass,pg_opclass_am_name_nsp_index,145,6300,6300,4,204
946684800,pg_catalog,pg_am,pg_am_oid_index,0,0,0,0,0
946684800,pg_catalog,pg_am,pg_am_name_index,0,0,0,0,0
946684800,pg_catalog,pg_amop,pg_amop_oid_index,0,0,0,0,0
946684800,pg_catalog,pg_amop,pg_amop_opr_fam_index,248,633,633,13,557
946684800,pg_catalog,pg_amop,pg_amop_fam_strat_index,486,486,486,6,1039
946684800,pg_catalog,pg_amproc,pg_amproc_oid_index,0,0,0,0,0
946684800,pg_catalog,pg_amproc,pg_amproc_fam_proc_index,411,608,608,11,929
946684800,pg_catalog,pg_language,pg_language_oid_index,0,0,0,0,0
946684800,pg_catalog,pg_language,pg_language_name_index,0,0,0,0,0
946684800,pg_catalog,pg_largeobject_metadata,pg_largeobject_metadata_oid_index,0,0,0,0,0
946684800,pg_catalog,pg_largeobject,pg_largeobject_loid_pn_index,0,0,0,0,0
946684800,pg_catalog,pg_aggregate,pg_aggregate_fnoid_index,20,20,20,7,32
946684800,pg_catalog,pg_rewrite,pg_rewrite_rel_rulename_index,112,112,112,4,188
946684800,pg_catalog,pg_rewrite,pg_rewrite_oid_index,0,0,0,0,0
946684800,pg_catalog,pg_trigger,pg_trigger_oid_index,0,0,0,0,0
946684800,pg_catalog,pg_trigger,pg_trigger_tgrelid_tgname_index,0,0,0,0,0
946684800,pg_catalog,pg_trigger,pg_trigger_tgconstraint_index,0,0,0,0,0
946684800,pg_catalog,pg_event_trigger,pg_event_trigger_oid_index,0,0,0,0,0
946684800,pg_catalog,pg_event_trigger,pg_event_trigger_evtname_index,13,0,0,1,12
946684800,pg_catalog,pg_description,pg_description_o_c_o_index,0,0,0,0,0
946684800,pg_catalog,pg_cast,pg_cast_source_target_index,1885,604,604,4,1976
946684800,pg_catalog,pg_cast,pg_cast_oid_index,0,0,0,0,0
946684800,pg_catalog,pg_enum,pg_enum_typid_sortorder_index,0,0,0,0,0
946684800,pg_catalog,pg_enum,pg_enum_typid_label_index,0,0,0,0,0
946684800,pg_catalog,pg_enum,pg_enum_oid_index,0,0,0,0,0
946684800,pg_catalog,pg_namespace,pg_namespace_oid_index,720,720,720,6,763
946684800,pg_catalog,pg_namespace,pg_namespace_nspname_index,278,182,182,4,371
946684800,pg_catalog,pg_conversion,pg_conversion_oid_index,0,0,0,0,0
946684800,pg_catalog,pg_conversion,pg_conversion_name_nsp_index,0,0,0,0,0
946684800,pg_catalog,pg_conversion,pg_conversion_default_index,0,0,0,0,0
946684800,pg_catalog,pg_depend,pg_depend_reference_index,324,323,321,17,826
946684800,pg_catalog,pg_depend,pg_depend_depender_index,0,0,0,6,192
946684800,pg_catalog,pg_db_role_setting,pg_db_role_setting_databaseid_rol_index,524,0,0,2,522
946684800,pg_catalog,pg_tablespace,pg_tablespace_spcname_index,0,0,0,0,0
946684800,pg_catalog,pg_tablespace,pg_tablespace_oid_index,87,87,87,4,170
946684800,pg_catalog,pg_pltemplate,pg_pltemplate_name_index,0,0,0,0,0
946684800,pg_catalog,pg_auth_members,pg_auth_members_member_role_index,0,0,0,0,0
946684800,pg_catalog,pg_auth_members,pg_auth_members_role_member_index,0,0,0,0,0
946684800,pg_catalog,pg_shdepend,pg_shdepend_reference_index,11,11,11,2,11
946684800,pg_catalog,pg_shdepend,pg_shdepend_depender_index,1,0,0,2,0
946684800,pg_catalog,pg_shdescription,pg_shdescription_o_c_index,0,0,0,0,0
946684800,pg_catalog,pg_ts_config,pg_ts_config_oid_index,0,0,0,0,0
946684800,pg_catalog,pg_ts_config,pg_ts_config_cfgname_index,0,0,0,0,0
946684800,pg_catalog,pg_ts_config_map,pg_ts_config_map_index,0,0,0,0,0
946684800,pg_catalog,pg_ts_dict,pg_ts_dict_oid_index,0,0,0,0,0
946684800,pg_catalog,pg_ts_dict,pg_ts_dict_dictname_index,0,0,0,0,0
946684800,pg_catalog,pg_ts_parser,pg_ts_parser_oid_index,0,0,0,0,0
946684800,pg_catalog,pg_ts_parser,pg_ts_parser_prsname_index,0,0,0,0,0
946684800,pg_catalog,pg_ts_template,pg_ts_template_oid_index,0,0,0,0,0
946684800,pg_catalog,pg_ts_template,pg_ts_template_tmplname_index,0,0,0,0,0
946684800,pg_catalog,pg_extension,pg_extension_name_index,0,0,0,0,0
946684800,pg_catalog,pg_extension,pg_extension_oid_index,0,0,0,0,0
946684800,pg_catalog,pg_foreign_data_wrapper,pg_foreign_data_wrapper_name_index,0,0,0,0,0
946684800,pg_catalog,pg_foreign_data_wrapper,pg_foreign_data_wrapper_oid_index,0,0,0,0,0
946684800,pg_catalog,pg_foreign_server,pg_foreign_server_name_index,0,0,0,0,0
946684800,pg_catalog,pg_foreign_server,pg_foreign_server_oid_index,0,0,0,0,0
946684800,pg_catalog,pgxc_class,pgxc_class_pcrelid_index,0,0,0,0,0
946684800,pg_catalog,pgxc_node,pgxc_node_id_index,2,0,0,2,3
946684800,pg_catalog,pgxc_node,pgxc_node_name_index,120,118,118,4,217
946684800,pg_catalog,pgxc_node,pgxc_node_oid_index,201,199,199,4,299
946684800,pg_catalog,pgxc_group,pgxc_group_oid,0,0,0,0,0
946684800,pg_catalog,pgxc_group,pgxc_group_name_index,0,0,0,0,0
946684800,pg_catalog,pg_foreign_table,pg_foreign_table_relid_index,0,0,0,0,0
946684800,pg_catalog,pg_policy,pg_policy_polrelid_polname_index,0,0,0,0,0
946684800,pg_catalog,pg_policy,pg_policy_oid_index,0,0,0,0,0
946684800,pg_catalog,pg_replication_origin,pg_replication_origin_roname_index,0,0,0,0,0
946684800,pg_catalog,pg_replication_origin,pg_replication_origin_roiident_index,0,0,0,0,0
946684800,pg_catalog,pg_tablesample_method,pg_tablesample_method_oid_index,0,0,0,0,0
946684800,pg_catalog,pg_tablesample_method,pg_tablesample_method_name_index,0,0,0,0,0
946684800,pg_catalog,pg_default_acl,pg_default_acl_oid_index,0,0,0,0,0
946684800,pg_catalog,pg_default_acl,pg_default_acl_role_nsp_obj_index,6,0,0,1,5
946684800,pg_catalog,pg_seclabel,pg_seclabel_object_index,0,0,0,0,0
946684800,pg_catalog,pg_shseclabel,pg_shseclabel_object_index,0,0,0,0,0
946684800,pg_catalog,pg_collation,pg_collation_oid_index,3,3,3,6,3
946684800,pg_catalog,pg_collation,pg_collation_name_enc_nsp_index,5,5,5,9,6
946684800,pg_catalog,pg_range,pg_range_rngtypid_index,0,0,0,0,0
946684800,pg_catalog,pg_transform,pg_transform_type_lang_index,0,0,0,0,0
946684800,pg_catalog,pg_transform,pg_transform_oid_index,0,0,0,0,0
946684800,pg_toast,pg_toast_13078,pg_toast_13078_index,0,0,0,0,0
946684800,pg_toast,pg_toast_13083,pg_toast_13083_index,0,0,0,0,0
946684800,pg_toast,pg_toast_13088,pg_toast_13088_index,0,0,0,0,0
946684800,pg_toast,pg_toast_13093,pg_toast_13093_index,0,0,0,0,0
946684800,pg_toast,pg_toast_13098,pg_toast_13098_index,0,0,0,0,0
946684800,pg_toast,pg_toast_13103,pg_toast_13103_index,0,0,0,0,0
946684800,pg_toast,pg_toast_13108,pg_toast_13108_index,0,0,0,0,0
946684800,public,supplier,pk_supplier,12964,12964,12964,551,25715
946684800,public,supplier,supplier_s_nationkey_s_suppkey_idx,1,3934,0,288,0
946684800,public,supplier,supplier_s_suppkey_idx_like,0,0,0,1,0
946684800,pg_catalog,pg_database,pg_database_oid_index,465,464,464,6,601
946684800,pg_catalog,pg_database,pg_database_datname_index,248,247,247,6,382
946684800,public,part,part_p_type_p_partkey_idx,0,0,0,5765,0
946684800,public,part,pk_part,1,1000698,1000698,5484,0
946684800,public,part,part_p_name_idx,0,0,0,6806,0
946684800,public,part,part_p_container_p_brand_p_partkey_idx,0,0,0,6077,0
946684800,public,part,part_p_size_idx,0,0,0,2746,0
946684800,public,partsupp,partsupp_ps_suppkey_idx,20037,802101,802101,20796,52556
946684800,public,partsupp,pk_partsupp,15015,47365,47365,20321,35939
946684800,public,customer,customer_c_phone_idx_c_acctbal,0,0,0,3741,0
946684800,public,customer,customer_c_nationkey_c_custkey_idx,0,0,0,4115,0
946684800,public,customer,pk_customer,0,0,0,4115,0
946684800,public,customer,customer_c_mktsegment_c_custkey_idx,0,0,0,5778,0
946684800,public,customer,customer_c_phone_idx,0,0,0,4115,0
946684800,public,orders,orders_o_orderdate_o_orderkey_idx,0,0,0,22959,20091
946684800,public,orders,orders_o_orderkey_o_orderdate_idx,222847,222847,222847,23516,689440
946684800,public,orders,pk_orders,0,0,0,20643,22530
946684800,public,lineitem,lineitem_l_partkey_l_quantity_l_shipmode_idx,68282,1023972,1023972,194534,351886
946684800,public,lineitem,lineitem_l_orderkey_idx_part2,0,0,0,9888,10582
946684800,public,lineitem,lineitem_l_orderkey_idx_part1,0,0,0,52170,56583
946684800,public,lineitem,lineitem_l_orderkey_idx_l_returnflag,0,0,0,20374,22191
946684800,public,lineitem,lineitem_l_orderkey_l_linenumber_l_shipdate_idx,0,0,0,115855,119246
946684800,public,lineitem,lineitem_l_orderkey_idx,0,0,0,82510,119176
946684800,public,lineitem,pk_lineitem,0,0,0,82510,119176
946684800,public,lineitem,lineitem_l_shipdate_l_suppkey__idx,1,349872,0,108063,94148
946684800,public,nation,pk_nation,12964,12964,12964,3,12963
946684800,public,region,pk_region,0,0,0,1,0
946684800,pg_catalog,pg_statistic,pg_statistic_relid_att_inh_index,754,420,359,13,1715
946684800,pg_catalog,pg_type,pg_type_typname_nsp_index,95,74,74,19,223
946684800,pg_catalog,pg_type,pg_type_oid_index,2120,2101,2101,9,2240
946684800,pg_toast,pg_toast_2604,pg_toast_2604_index,0,0,0,0,0
946684800,pg_toast,pg_toast_2606,pg_toast_2606_index,0,0,0,0,0
946684800,pg_toast,pg_toast_2609,pg_toast_2609_index,0,0,0,0,0
946684800,pg_toast,pg_toast_1255,pg_toast_1255_index,0,0,0,0,0
946684800,pg_toast,pg_toast_2618,pg_toast_2618_index,86,274,274,8,130
946684800,pg_toast,pg_toast_3596,pg_toast_3596_index,0,0,0,0,0
946684800,pg_toast,pg_toast_2619,pg_toast_2619_index,21,26,26,2,37
946684800,pg_toast,pg_toast_2620,pg_toast_2620_index,0,0,0,0,0
946684800,pg_toast,pg_toast_2396,pg_toast_2396_index,0,0,0,0,0
946684800,pg_toast,pg_toast_2964,pg_toast_2964_index,0,0,0,0,0
946684800,pg_toast,pg_toast_3592,pg_toast_3592_index,0,0,0,0,0
946684800,pg_catalog,pg_authid,pg_authid_oid_index,109,109,109,6,212
946684800,pg_catalog,pg_authid,pg_authid_rolname_index,107,107,107,6,208
946684800,pg_catalog,pg_user_mapping,pg_user_mapping_user_server_index,0,0,0,0,0
946684800,pg_catalog,pg_user_mapping,pg_user_mapping_oid_index,0,0,0,0,0
946684800,pg_catalog,pg_attribute,pg_attribute_relid_attnum_index,4624,9926,9838,31,9745
946684800,pg_catalog,pg_attribute,pg_attribute_relid_attnam_index,41,47,41,4,483
946684800,pg_catalog,pg_proc,pg_proc_proname_args_nsp_index,234,846,846,35,530
946684800,pg_catalog,pg_proc,pg_proc_oid_index,1217,1217,1217,33,2502
946684800,pg_catalog,pg_class,pg_class_tblspc_relfilenode_index,0,0,0,5,98
946684800,pg_catalog,pg_class,pg_class_relname_nsp_index,619,351,351,22,1400
946684800,pg_catalog,pg_class,pg_class_oid_index,7028,12056,9990,8,7185
946684800,pg_catalog,pg_attrdef,pg_attrdef_oid_index,0,0,0,0,0
946684800,pg_catalog,pg_attrdef,pg_attrdef_adrelid_adnum_index,0,0,0,0,0
946684800,pg_catalog,pg_constraint,pg_constraint_oid_index,8,0,0,2,21
946684800,pg_catalog,pg_constraint,pg_constraint_contypid_index,0,0,0,2,13
946684800,pg_catalog,pg_constraint,pg_constraint_conrelid_index,0,0,0,2,13
946684800,pg_catalog,pg_constraint,pg_constraint_conname_nsp_index,0,0,0,2,13
946684800,pg_catalog,pg_inherits,pg_inherits_parent_index,0,0,0,0,0
946684800,pg_catalog,pg_inherits,pg_inherits_relid_seqno_index,0,0,0,0,0
946684800,pg_catalog,pg_index,pg_index_indexrelid_index,940,940,940,9,1086
946684800,pg_catalog,pg_index,pg_index_indrelid_index,338,708,700,8,461
946684800,pg_catalog,pg_operator,pg_operator_oprname_l_r_n_index,118,174,174,21,283
946684800,pg_catalog,pg_operator,pg_operator_oid_index,562,403,403,14,1196
946684800,pg_catalog,pg_opfamily,pg_opfamily_oid_index,0,0,0,0,0
946684800,pg_catalog,pg_opfamily,pg_opfamily_am_name_nsp_index,0,0,0,0,0
946684800,pg_catalog,pg_opclass,pg_opclass_oid_index,369,369,369,9,487
946684800,pg_catalog,pg_opclass,pg_opclass_am_name_nsp_index,151,6554,6554,8,210
946684800,pg_catalog,pg_am,pg_am_oid_index,0,0,0,0,0
946684800,pg_catalog,pg_am,pg_am_name_index,0,0,0,0,0
946684800,pg_catalog,pg_amop,pg_amop_oid_index,0,0,0,0,0
946684800,pg_catalog,pg_amop,pg_amop_opr_fam_index,272,693,693,15,612
946684800,pg_catalog,pg_amop,pg_amop_fam_strat_index,518,518,518,12,1103
946684800,pg_catalog,pg_amproc,pg_amproc_oid_index,0,0,0,0,0
946684800,pg_catalog,pg_amproc,pg_amproc_fam_proc_index,449,663,663,16,1009
946684800,pg_catalog,pg_language,pg_language_oid_index,0,0,0,0,0
946684800,pg_catalog,pg_language,pg_language_name_index,0,0,0,0,0
946684800,pg_catalog,pg_largeobject_metadata,pg_largeobject_metadata_oid_index,0,0,0,0,0
946684800,pg_catalog,pg_largeobject,pg_largeobject_loid_pn_index,0,0,0,0,0
946684800,pg_catalog,pg_aggregate,pg_aggregate_fnoid_index,24,24,24,7,40
946684800,pg_catalog,pg_rewrite,pg_rewrite_rel_rulename_index,121,121,121,8,200
946684800,pg_catalog,pg_rewrite,pg_rewrite_oid_index,0,0,0,0,0
946684800,pg_catalog,pg_trigger,pg_trigger_oid_index,0,0,0,0,0
946684800,pg_catalog,pg_trigger,pg_trigger_tgrelid_tgname_index,0,0,0,0,0
946684800,pg_catalog,pg_trigger,pg_trigger_tgconstraint_index,0,0,0,0,0
946684800,pg_catalog,pg_event_trigger,pg_event_trigger_oid_index,0,0,0,0,0
946684800,pg_catalog,pg_event_trigger,pg_event_trigger_evtname_index,13,0,0,1,12
946684800,pg_catalog,pg_description,pg_description_o_c_o_index,0,0,0,0,0
946684800,pg_catalog,pg_cast,pg_cast_source_target_index,1990,643,643,8,2084
946684800,pg_catalog,pg_cast,pg_cast_oid_index,0,0,0,0,0
946684800,pg_catalog,pg_enum,pg_enum_typid_sortorder_index,0,0,0,0,0
946684800,pg_catalog,pg_enum,pg_enum_typid_label_index,0,0,0,0,0
946684800,pg_catalog,pg_enum,pg_enum_oid_index,0,0,0,0,0
946684800,pg_catalog,pg_namespace,pg_namespace_oid_index,726,726,726,6,774
946684800,pg_catalog,pg_namespace,pg_namespace_nspname_index,311,204,204,8,411
946684800,pg_catalog,pg_conversion,pg_conversion_oid_index,0,0,0,0,0
946684800,pg_catalog,pg_conversion,pg_conversion_name_nsp_index,0,0,0,0,0
946684800,pg_catalog,pg_conversion,pg_conversion_default_index,0,0,0,0,0
946684800,pg_catalog,pg_depend,pg_depend_reference_index,324,323,321,17,826
946684800,pg_catalog,pg_depend,pg_depend_depender_index,0,0,0,6,192
946684800,pg_catalog,pg_db_role_setting,pg_db_role_setting_databaseid_rol_index,564,0,0,3,561
946684800,pg_catalog,pg_tablespace,pg_tablespace_spcname_index,0,0,0,0,0
946684800,pg_catalog,pg_tablespace,pg_tablespace_oid_index,92,92,92,6,178
946684800,pg_catalog,pg_pltemplate,pg_pltemplate_name_index,0,0,0,0,0
946684800,pg_catalog,pg_auth_members,pg_auth_members_member_role_index,0,0,0,0,0
946684800,pg_catalog,pg_auth_members,pg_auth_members_role_member_index,0,0,0,0,0
946684800,pg_catalog,pg_shdepend,pg_shdepend_reference_index,11,11,11,2,11
946684800,pg_catalog,pg_shdepend,pg_shdepend_depender_index,1,0,0,2,0
946684800,pg_catalog,pg_shdescription,pg_shdescription_o_c_index,0,0,0,0,0
946684800,pg_catalog,pg_ts_config,pg_ts_config_oid_index,0,0,0,0,0
946684800,pg_catalog,pg_ts_config,pg_ts_config_cfgname_index,0,0,0,0,0
946684800,pg_catalog,pg_ts_config_map,pg_ts_config_map_index,0,0,0,0,0
946684800,pg_catalog,pg_ts_dict,pg_ts_dict_oid_index,0,0,0,0,0
946684800,pg_catalog,pg_ts_dict,pg_ts_dict_dictname_index,0,0,0,0,0
946684800,pg_catalog,pg_ts_parser,pg_ts_parser_oid_index,0,0,0,0,0
946684800,pg_catalog,pg_ts_parser,pg_ts_parser_prsname_index,0,0,0,0,0
946684800,pg_catalog,pg_ts_template,pg_ts_template_oid_index,0,0,0,0,0
946684800,pg_catalog,pg_ts_template,pg_ts_template_tmplname_index,0,0,0,0,0
946684800,pg_catalog,pg_extension,pg_extension_name_index,0,0,0,0,0
946684800,pg_catalog,pg_extension,pg_extension_oid_index,0,0,0,0,0
946684800,pg_catalog,pg_foreign_data_wrapper,pg_foreign_data_wrapper_name_index,0,0,0,0,0
946684800,pg_catalog,pg_foreign_data_wrapper,pg_foreign_data_wrapper_oid_index,0,0,0,0,0
946684800,pg_catalog,pg_foreign_server,pg_foreign_server_name_index,0,0,0,0,0
946684800,pg_catalog,pg_foreign_server,pg_foreign_server_oid_index,0,0,0,0,0
946684800,pg_catalog,pgxc_class,pgxc_class_pcrelid_index,0,0,0,0,0
946684800,pg_catalog,pgxc_node,pgxc_node_id_index,2,0,0,2,3
946684800,pg_catalog,pgxc_node,pgxc_node_name_index,132,130,130,6,235
946684800,pg_catalog,pgxc_node,pgxc_node_oid_index,217,215,215,6,321
946684800,pg_catalog,pgxc_group,pgxc_group_oid,0,0,0,0,0
946684800,pg_catalog,pgxc_group,pgxc_group_name_index,0,0,0,0,0
946684800,pg_catalog,pg_foreign_table,pg_foreign_table_relid_index,0,0,0,0,0
946684800,pg_catalog,pg_policy,pg_policy_polrelid_polname_index,0,0,0,0,0
946684800,pg_catalog,pg_policy,pg_policy_oid_index,0,0,0,0,0
946684800,pg_catalog,pg_replication_origin,pg_replication_origin_roname_index,0,0,0,0,0
946684800,pg_catalog,pg_replication_origin,pg_replication_origin_roiident_index,0,0,0,0,0
946684800,pg_catalog,pg_tablesample_method,pg_tablesample_method_oid_index,0,0,0,0,0
946684800,pg_catalog,pg_tablesample_method,pg_tablesample_method_name_index,0,0,0,0,0
946684800,pg_catalog,pg_default_acl,pg_default_acl_oid_index,0,0,0,0,0
946684800,pg_catalog,pg_default_acl,pg_default_acl_role_nsp_obj_index,6,0,0,1,5
946684800,pg_catalog,pg_seclabel,pg_seclabel_object_index,0,0,0,0,0
946684800,pg_catalog,pg_shseclabel,pg_shseclabel_object_index,0,0,0,0,0
946684800,pg_catalog,pg_collation,pg_collation_oid_index,6,6,6,9,9
946684800,pg_catalog,pg_collation,pg_collation_name_enc_nsp_index,9,9,9,15,12
946684800,pg_catalog,pg_range,pg_range_rngtypid_index,0,0,0,0,0
946684800,pg_catalog,pg_transform,pg_transform_type_lang_index,0,0,0,0,0
946684800,pg_catalog,pg_transform,pg_transform_oid_index,0,0,0,0,0
946684800,pg_toast,pg_toast_13078,pg_toast_13078_index,0,0,0,0,0
946684800,pg_toast,pg_toast_13083,pg_toast_13083_index,0,0,0,0,0
946684800,pg_toast,pg_toast_13088,pg_toast_13088_index,0,0,0,0,0
946684800,pg_toast,pg_toast_13093,pg_toast_13093_index,0,0,0,0,0
946684800,pg_toast,pg_toast_13098,pg_toast_13098_index,0,0,0,0,0
946684800,pg_toast,pg_toast_13103,pg_toast_13103_index,0,0,0,0,0
946684800,pg_toast,pg_toast_13108,pg_toast_13108_index,0,0,0,0,0
946684800,public,supplier,pk_supplier,12964,12964,12964,551,25715
946684800,public,supplier,supplier_s_nationkey_s_suppkey_idx,1,3934,0,288,0
946684800,public,supplier,supplier_s_suppkey_idx_like,0,0,0,1,0
946684800,pg_catalog,pg_database,pg_database_oid_index,490,489,489,11,634
946684800,pg_catalog,pg_database,pg_database_datname_index,272,271,271,12,413
946684800,public,part,part_p_type_p_partkey_idx,0,0,0,5765,0
946684800,public,part,pk_part,1,1000698,1000698,5484,0
946684800,public,part,part_p_name_idx,0,0,0,6806,0
946684800,public,part,part_p_container_p_brand_p_partkey_idx,1,979,979,6087,0
946684800,public,part,part_p_size_idx,0,0,0,2746,0
946684800,public,partsupp,partsupp_ps_suppkey_idx,20037,802101,802101,20796,52556
946684800,public,partsupp,pk_partsupp,15015,47365,47365,20321,35939
946684800,public,customer,customer_c_phone_idx_c_acctbal,0,0,0,3741,0
946684800,public,customer,customer_c_nationkey_c_custkey_idx,0,0,0,4115,0
946684800,public,customer,pk_customer,0,0,0,4115,0
946684800,public,customer,customer_c_mktsegment_c_custkey_idx,0,0,0,5778,0
946684800,public,customer,customer_c_phone_idx,0,0,0,4115,0
946684800,public,orders,orders_o_orderdate_o_orderkey_idx,0,0,0,22959,20091
946684800,public,orders,orders_o_orderkey_o_orderdate_idx,222847,222847,222847,23516,689440
946684800,public,orders,pk_orders,0,0,0,20643,22530
946684800,public,lineitem,lineitem_l_partkey_l_quantity_l_shipmode_idx,74270,1086771,1026741,197491,373234
946684800,public,lineitem,lineitem_l_orderkey_idx_part2,0,0,0,9888,10582
946684800,public,lineitem,lineitem_l_orderkey_idx_part1,0,0,0,52170,56583
946684800,public,lineitem,lineitem_l_orderkey_idx_l_returnflag,0,0,0,20374,22191
946684800,public,lineitem,lineitem_l_orderkey_l_linenumber_l_shipdate_idx,0,0,0,115855,119246
946684800,public,lineitem,lineitem_l_orderkey_idx,0,0,0,82510,119176
946684800,public,lineitem,pk_lineitem,0,0,0,82510,119176
946684800,public,lineitem,lineitem_l_shipdate_l_suppkey__idx,2,4909880,0,120515,94148
946684800,public,nation,pk_nation,12964,12964,12964,3,12963
946684800,public,region,pk_region,0,0,0,1,0
946684800,pg_catalog,pg_statistic,pg_statistic_relid_att_inh_index,772,433,372,13,1754
946684800,pg_catalog,pg_type,pg_type_typname_nsp_index,136,115,115,23,306
946684800,pg_catalog,pg_type,pg_type_oid_index,2215,2196,2196,11,2341
946684800,pg_toast,pg_toast_2604,pg_toast_2604_index,0,0,0,0,0
946684800,pg_toast,pg_toast_2606,pg_toast_2606_index,0,0,0,0,0
946684800,pg_toast,pg_toast_2609,pg_toast_2609_index,0,0,0,0,0
946684800,pg_toast,pg_toast_1255,pg_toast_1255_index,0,0,0,0,0
946684800,pg_toast,pg_toast_2618,pg_toast_2618_index,90,288,288,8,136
946684800,pg_toast,pg_toast_3596,pg_toast_3596_index,0,0,0,0,0
946684800,pg_toast,pg_toast_2619,pg_toast_2619_index,21,26,26,2,37
946684800,pg_toast,pg_toast_2620,pg_toast_2620_index,0,0,0,0,0
946684800,pg_toast,pg_toast_2396,pg_toast_2396_index,0,0,0,0,0
946684800,pg_toast,pg_toast_2964,pg_toast_2964_index,0,0,0,0,0
946684800,pg_toast,pg_toast_3592,pg_toast_3592_index,0,0,0,0,0
946684800,pg_catalog,pg_authid,pg_authid_oid_index,120,120,120,10,230
946684800,pg_catalog,pg_authid,pg_authid_rolname_index,118,118,118,10,226
946684800,pg_catalog,pg_user_mapping,pg_user_mapping_user_server_index,0,0,0,0,0
946684800,pg_catalog,pg_user_mapping,pg_user_mapping_oid_index,0,0,0,0,0
946684800,pg_catalog,pg_attribute,pg_attribute_relid_attnum_index,4819,10320,10232,38,10139
946684800,pg_catalog,pg_attribute,pg_attribute_relid_attnam_index,41,47,41,4,483
946684800,pg_catalog,pg_proc,pg_proc_proname_args_nsp_index,274,907,907,46,607
946684800,pg_catalog,pg_proc,pg_proc_oid_index,1299,1299,1299,42,2666
946684800,pg_catalog,pg_class,pg_class_tblspc_relfilenode_index,0,0,0,5,100
946684800,pg_catalog,pg_class,pg_class_relname_nsp_index,648,375,375,27,1461
946684800,pg_catalog,pg_class,pg_class_oid_index,7417,12743,10583,11,7582
946684800,pg_catalog,pg_attrdef,pg_attrdef_oid_index,0,0,0,0,0
946684800,pg_catalog,pg_attrdef,pg_attrdef_adrelid_adnum_index,0,0,0,0,0
946684800,pg_catalog,pg_constraint,pg_constraint_oid_index,8,0,0,2,21
946684800,pg_catalog,pg_constraint,pg_constraint_contypid_index,0,0,0,2,13
946684800,pg_catalog,pg_constraint,pg_constraint_conrelid_index,0,0,0,2,13
946684800,pg_catalog,pg_constraint,pg_constraint_conname_nsp_index,0,0,0,2,13
946684800,pg_catalog,pg_inherits,pg_inherits_parent_index,0,0,0,0,0
946684800,pg_catalog,pg_inherits,pg_inherits_relid_seqno_index,0,0,0,0,0
946684800,pg_catalog,pg_index,pg_index_indexrelid_index,972,972,972,13,1125
946684800,pg_catalog,pg_index,pg_index_indrelid_index,347,726,718,8,473
946684800,pg_catalog,pg_operator,pg_operator_oprname_l_r_n_index,144,200,200,27,336
946684800,pg_catalog,pg_operator,pg_operator_oid_index,583,424,424,17,1242
946684800,pg_catalog,pg_opfamily,pg_opfamily_oid_index,0,0,0,0,0
946684800,pg_catalog,pg_opfamily,pg_opfamily_am_name_nsp_index,0,0,0,0,0
946684800,pg_catalog,pg_opclass,pg_opclass_oid_index,400,400,400,13,525
946684800,pg_catalog,pg_opclass,pg_opclass_am_name_nsp_index,153,6642,6642,8,214
946684800,pg_catalog,pg_am,pg_am_oid_index,0,0,0,0,0
946684800,pg_catalog,pg_am,pg_am_name_index,0,0,0,0,0
946684800,pg_catalog,pg_amop,pg_amop_oid_index,0,0,0,0,0
946684800,pg_catalog,pg_amop,pg_amop_opr_fam_index,289,721,721,22,647
946684800,pg_catalog,pg_amop,pg_amop_fam_strat_index,528,528,528,12,1125
946684800,pg_catalog,pg_amproc,pg_amproc_oid_index,0,0,0,0,0
946684800,pg_catalog,pg_amproc,pg_amproc_fam_proc_index,483,721,721,22,1082
946684800,pg_catalog,pg_language,pg_language_oid_index,0,0,0,0,0
946684800,pg_catalog,pg_language,pg_language_name_index,0,0,0,0,0
946684800,pg_catalog,pg_largeobject_metadata,pg_largeobject_metadata_oid_index,0,0,0,0,0
946684800,pg_catalog,pg_largeobject,pg_largeobject_loid_pn_index,0,0,0,0,0
946684800,pg_catalog,pg_aggregate,pg_aggregate_fnoid_index,34,34,34,11,53
946684800,pg_catalog,pg_rewrite,pg_rewrite_rel_rulename_index,126,126,126,8,208
946684800,pg_catalog,pg_rewrite,pg_rewrite_oid_index,0,0,0,0,0
946684800,pg_catalog,pg_trigger,pg_trigger_oid_index,0,0,0,0,0
946684800,pg_catalog,pg_trigger,pg_trigger_tgrelid_tgname_index,0,0,0,0,0
946684800,pg_catalog,pg_trigger,pg_trigger_tgconstraint_index,0,0,0,0,0
946684800,pg_catalog,pg_event_trigger,pg_event_trigger_oid_index,0,0,0,0,0
946684800,pg_catalog,pg_event_trigger,pg_event_trigger_evtname_index,13,0,0,1,12
946684800,pg_catalog,pg_description,pg_description_o_c_o_index,0,0,0,0,0
946684800,pg_catalog,pg_cast,pg_cast_source_target_index,2023,660,660,8,2120
946684800,pg_catalog,pg_cast,pg_cast_oid_index,0,0,0,0,0
946684800,pg_catalog,pg_enum,pg_enum_typid_sortorder_index,0,0,0,0,0
946684800,pg_catalog,pg_enum,pg_enum_typid_label_index,0,0,0,0,0
946684800,pg_catalog,pg_enum,pg_enum_oid_index,0,0,0,0,0
946684800,pg_catalog,pg_namespace,pg_namespace_oid_index,736,736,736,9,788
946684800,pg_catalog,pg_namespace,pg_namespace_nspname_index,335,220,220,10,441
946684800,pg_catalog,pg_conversion,pg_conversion_oid_index,0,0,0,0,0
946684800,pg_catalog,pg_conversion,pg_conversion_name_nsp_index,0,0,0,0,0
946684800,pg_catalog,pg_conversion,pg_conversion_default_index,0,0,0,0,0
946684800,pg_catalog,pg_depend,pg_depend_reference_index,324,323,321,17,826
946684800,pg_catalog,pg_depend,pg_depend_depender_index,0,0,0,6,192
946684800,pg_catalog,pg_db_role_setting,pg_db_role_setting_databaseid_rol_index,616,0,0,5,611
946684800,pg_catalog,pg_tablespace,pg_tablespace_spcname_index,0,0,0,0,0
946684800,pg_catalog,pg_tablespace,pg_tablespace_oid_index,97,97,97,8,186
946684800,pg_catalog,pg_pltemplate,pg_pltemplate_name_index,0,0,0,0,0
946684800,pg_catalog,pg_auth_members,pg_auth_members_member_role_index,0,0,0,0,0
946684800,pg_catalog,pg_auth_members,pg_auth_members_role_member_index,0,0,0,0,0
946684800,pg_catalog,pg_shdepend,pg_shdepend_reference_index,11,11,11,2,11
946684800,pg_catalog,pg_shdepend,pg_shdepend_depender_index,1,0,0,2,0
946684800,pg_catalog,pg_shdescription,pg_shdescription_o_c_index,0,0,0,0,0
946684800,pg_catalog,pg_ts_config,pg_ts_config_oid_index,0,0,0,0,0
946684800,pg_catalog,pg_ts_config,pg_ts_config_cfgname_index,0,0,0,0,0
946684800,pg_catalog,pg_ts_config_map,pg_ts_config_map_index,0,0,0,0,0
946684800,pg_catalog,pg_ts_dict,pg_ts_dict_oid_index,0,0,0,0,0
946684800,pg_catalog,pg_ts_dict,pg_ts_dict_dictname_index,0,0,0,0,0
946684800,pg_catalog,pg_ts_parser,pg_ts_parser_oid_index,0,0,0,0,0
946684800,pg_catalog,pg_ts_parser,pg_ts_parser_prsname_index,0,0,0,0,0
946684800,pg_catalog,pg_ts_template,pg_ts_template_oid_index,0,0,0,0,0
946684800,pg_catalog,pg_ts_template,pg_ts_template_tmplname_index,0,0,0,0,0
946684800,pg_catalog,pg_extension,pg_extension_name_index,0,0,0,0,0
946684800,pg_catalog,pg_extension,pg_extension_oid_index,0,0,0,0,0
946684800,pg_catalog,pg_foreign_data_wrapper,pg_foreign_data_wrapper_name_index,0,0,0,0,0
946684800,pg_catalog,pg_foreign_data_wrapper,pg_foreign_data_wrapper_oid_index,0,0,0,0,0
946684800,pg_catalog,pg_foreign_server,pg_foreign_server_name_index,0,0,0,0,0
946684800,pg_catalog,pg_foreign_server,pg_foreign_server_oid_index,0,0,0,0,0
946684800,pg_catalog,pgxc_class,pgxc_class_pcrelid_index,0,0,0,0,0
946684800,pg_catalog,pgxc_node,pgxc_node_id_index,2,0,0,2,3
946684800,pg_catalog,pgxc_node,pgxc_node_name_index,149,147,147,10,259
946684800,pg_catalog,pgxc_node,pgxc_node_oid_index,239,237,237,10,350
946684800,pg_catalog,pgxc_group,pgxc_group_oid,0,0,0,0,0
946684800,pg_catalog,pgxc_group,pgxc_group_name_index,0,0,0,0,0
946684800,pg_catalog,pg_foreign_table,pg_foreign_table_relid_index,0,0,0,0,0
946684800,pg_catalog,pg_policy,pg_policy_polrelid_polname_index,0,0,0,0,0
946684800,pg_catalog,pg_policy,pg_policy_oid_index,0,0,0,0,0
946684800,pg_catalog,pg_replication_origin,pg_replication_origin_roname_index,0,0,0,0,0
946684800,pg_catalog,pg_replication_origin,pg_replication_origin_roiident_index,0,0,0,0,0
946684800,pg_catalog,pg_tablesample_method,pg_tablesample_method_oid_index,0,0,0,0,0
946684800,pg_catalog,pg_tablesample_method,pg_tablesample_method_name_index,0,0,0,0,0
946684800,pg_catalog,pg_default_acl,pg_default_acl_oid_index,0,0,0,0,0
946684800,pg_catalog,pg_default_acl,pg_default_acl_role_nsp_obj_index,6,0,0,1,5
946684800,pg_catalog,pg_seclabel,pg_seclabel_object_index,0,0,0,0,0
946684800,pg_catalog,pg_shseclabel,pg_shseclabel_object_index,0,0,0,0,0
946684800,pg_catalog,pg_collation,pg_collation_oid_index,11,11,11,12,21
946684800,pg_catalog,pg_collation,pg_collation_name_enc_nsp_index,14,14,14,18,24
946684800,pg_catalog,pg_range,pg_range_rngtypid_index,0,0,0,0,0
946684800,pg_catalog,pg_transform,pg_transform_type_lang_index,0,0,0,0,0
946684800,pg_catalog,pg_transform,pg_transform_oid_index,0,0,0,0,0
946684800,pg_toast,pg_toast_13078,pg_toast_13078_index,0,0,0,0,0
946684800,pg_toast,pg_toast_13083,pg_toast_13083_index,0,0,0,0,0
946684800,pg_toast,pg_toast_13088,pg_toast_13088_index,0,0,0,0,0
946684800,pg_toast,pg_toast_13093,pg_toast_13093_index,0,0,0,0,0
946684800,pg_toast,pg_toast_13098,pg_toast_13098_index,0,0,0,0,0
946684800,pg_toast,pg_toast_13103,pg_toast_13103_index,0,0,0,0,0
946684800,pg_toast,pg_toast_13108,pg_toast_13108_index,0,0,0,0,0
946684800,public,supplier,pk_supplier,12964,12964,12964,551,25715
946684800,public,supplier,supplier_s_nationkey_s_suppkey_idx,2,7957,0,302,0
946684800,public,supplier,supplier_s_suppkey_idx_like,0,0,0,1,0
946684800,pg_catalog,pg_database,pg_database_oid_index,514,513,513,15,663
946684800,pg_catalog,pg_database,pg_database_datname_index,288,287,287,16,434
946684800,public,part,part_p_type_p_partkey_idx,1,6800,0,5803,0
946684800,public,part,pk_part,1,1000698,1000698,5484,0
946684800,public,part,part_p_name_idx,0,0,0,6806,0
946684800,public,part,part_p_container_p_brand_p_partkey_idx,1,979,979,6087,0
946684800,public,part,part_p_size_idx,0,0,0,2746,0
946684800,public,partsupp,partsupp_ps_suppkey_idx,20037,802101,802101,20796,52556
946684800,public,partsupp,pk_partsupp,15015,47365,47365,20321,35939
946684800,public,customer,customer_c_phone_idx_c_acctbal,0,0,0,3741,0
946684800,public,customer,customer_c_nationkey_c_custkey_idx,0,0,0,4115,0
946684800,public,customer,pk_customer,0,0,0,4115,0
946684800,public,customer,customer_c_mktsegment_c_custkey_idx,0,0,0,5778,0
946684800,public,customer,customer_c_phone_idx,0,0,0,4115,0
946684800,public,orders,orders_o_orderdate_o_orderkey_idx,1,2281248,0,29190,20091
946684800,public,orders,orders_o_orderkey_o_orderdate_idx,287268,287268,287268,37886,868714
946684800,public,orders,pk_orders,0,0,0,20643,22530
946684800,public,lineitem,lineitem_l_partkey_l_quantity_l_shipmode_idx,87867,1290788,1230758,212303,413889
946684800,public,lineitem,lineitem_l_orderkey_idx_part2,0,0,0,9888,10582
946684800,public,lineitem,lineitem_l_orderkey_idx_part1,31098,19030340,39953,123932,130157
946684800,public,lineitem,lineitem_l_orderkey_idx_l_returnflag,0,0,0,20374,22191
946684800,public,lineitem,lineitem_l_orderkey_l_linenumber_l_shipdate_idx,0,0,0,115855,119246
946684800,public,lineitem,lineitem_l_orderkey_idx,0,0,0,82510,119176
946684800,public,lineitem,pk_lineitem,0,0,0,82510,119176
946684800,public,lineitem,lineitem_l_shipdate_l_suppkey__idx,2,4909880,0,120515,94148
946684800,public,nation,pk_nation,12964,12964,12964,3,12963
946684800,public,region,pk_region,0,0,0,1,0
946684800,pg_catalog,pg_statistic,pg_statistic_relid_att_inh_index,796,450,389,19,1802
946684800,pg_catalog,pg_type,pg_type_typname_nsp_index,156,135,135,29,342
946684800,pg_catalog,pg_type,pg_type_oid_index,2322,2303,2303,14,2452
946684800,pg_toast,pg_toast_2604,pg_toast_2604_index,0,0,0,0,0
946684800,pg_toast,pg_toast_2606,pg_toast_2606_index,0,0,0,0,0
946684800,pg_toast,pg_toast_2609,pg_toast_2609_index,0,0,0,0,0
946684800,pg_toast,pg_toast_1255,pg_toast_1255_index,0,0,0,0,0
946684800,pg_toast,pg_toast_2618,pg_toast_2618_index,95,304,304,10,142
946684800,pg_toast,pg_toast_3596,pg_toast_3596_index,0,0,0,0,0
946684800,pg_toast,pg_toast_2619,pg_toast_2619_index,21,26,26,2,37
946684800,pg_toast,pg_toast_2620,pg_toast_2620_index,0,0,0,0,0
946684800,pg_toast,pg_toast_2396,pg_toast_2396_index,0,0,0,0,0
946684800,pg_toast,pg_toast_2964,pg_toast_2964_index,0,0,0,0,0
946684800,pg_toast,pg_toast_3592,pg_toast_3592_index,0,0,0,0,0
946684800,pg_catalog,pg_authid,pg_authid_oid_index,127,127,127,12,242
946684800,pg_catalog,pg_authid,pg_authid_rolname_index,125,125,125,12,238
946684800,pg_catalog,pg_user_mapping,pg_user_mapping_user_server_index,0,0,0,0,0
946684800,pg_catalog,pg_user_mapping,pg_user_mapping_oid_index,0,0,0,0,0
946684800,pg_catalog,pg_attribute,pg_attribute_relid_attnum_index,5036,10746,10657,50,10570
946684800,pg_catalog,pg_attribute,pg_attribute_relid_attnam_index,41,47,41,4,483
946684800,pg_catalog,pg_proc,pg_proc_proname_args_nsp_index,305,973,973,56,666
946684800,pg_catalog,pg_proc,pg_proc_oid_index,1371,1371,1371,49,2809
946684800,pg_catalog,pg_class,pg_class_tblspc_relfilenode_index,0,0,0,6,102
946684800,pg_catalog,pg_class,pg_class_relname_nsp_index,697,416,416,34,1559
946684800,pg_catalog,pg_class,pg_class_oid_index,7812,13436,11182,15,7981
946684800,pg_catalog,pg_attrdef,pg_attrdef_oid_index,0,0,0,0,0
946684800,pg_catalog,pg_attrdef,pg_attrdef_adrelid_adnum_index,0,0,0,0,0
946684800,pg_catalog,pg_constraint,pg_constraint_oid_index,8,0,0,2,21
946684800,pg_catalog,pg_constraint,pg_constraint_contypid_index,0,0,0,2,13
946684800,pg_catalog,pg_constraint,pg_constraint_conrelid_index,0,0,0,2,13
946684800,pg_catalog,pg_constraint,pg_constraint_conname_nsp_index,0,0,0,2,13
946684800,pg_catalog,pg_inherits,pg_inherits_parent_index,0,0,0,0,0
946684800,pg_catalog,pg_inherits,pg_inherits_relid_seqno_index,0,0,0,0,0
946684800,pg_catalog,pg_index,pg_index_indexrelid_index,1004,1004,1004,17,1161
946684800,pg_catalog,pg_index,pg_index_indrelid_index,360,752,744,10,489
946684800,pg_catalog,pg_operator,pg_operator_oprname_l_r_n_index,169,225,225,33,385
946684800,pg_catalog,pg_operator,pg_operator_oid_index,601,442,442,19,1281
946684800,pg_catalog,pg_opfamily,pg_opfamily_oid_index,0,0,0,0,0
946684800,pg_catalog,pg_opfamily,pg_opfamily_am_name_nsp_index,0,0,0,0,0
946684800,pg_catalog,pg_opclass,pg_opclass_oid_index,418,418,418,17,547
946684800,pg_catalog,pg_opclass,pg_opclass_am_name_nsp_index,157,6813,6813,10,219
946684800,pg_catalog,pg_am,pg_am_oid_index,0,0,0,0,0
946684800,pg_catalog,pg_am,pg_am_name_index,0,0,0,0,0
946684800,pg_catalog,pg_amop,pg_amop_oid_index,0,0,0,0,0
946684800,pg_catalog,pg_amop,pg_amop_opr_fam_index,312,778,778,24,696
946684800,pg_catalog,pg_amop,pg_amop_fam_strat_index,549,549,549,15,1168
946684800,pg_catalog,pg_amproc,pg_amproc_oid_index,0,0,0,0,0
946684800,pg_catalog,pg_amproc,pg_amproc_fam_proc_index,513,765,765,28,1144
946684800,pg_catalog,pg_language,pg_language_oid_index,0,0,0,0,0
946684800,pg_catalog,pg_language,pg_language_name_index,0,0,0,0,0
946684800,pg_catalog,pg_largeobject_metadata,pg_largeobject_metadata_oid_index,0,0,0,0,0
946684800,pg_catalog,pg_largeobject,pg_largeobject_loid_pn_index,0,0,0,0,0
946684800,pg_catalog,pg_aggregate,pg_aggregate_fnoid_index,37,37,37,12,57
946684800,pg_catalog,pg_rewrite,pg_rewrite_rel_rulename_index,133,133,133,10,218
946684800,pg_catalog,pg_rewrite,pg_rewrite_oid_index,0,0,0,0,0
946684800,pg_catalog,pg_trigger,pg_trigger_oid_index,0,0,0,0,0
946684800,pg_catalog,pg_trigger,pg_trigger_tgrelid_tgname_index,0,0,0,0,0
946684800,pg_catalog,pg_trigger,pg_trigger_tgconstraint_index,0,0,0,0,0
946684800,pg_catalog,pg_event_trigger,pg_event_trigger_oid_index,0,0,0,0,0
946684800,pg_catalog,pg_event_trigger,pg_event_trigger_evtname_index,13,0,0,1,12
946684800,pg_catalog,pg_description,pg_description_o_c_o_index,0,0,0,0,0
946684800,pg_catalog,pg_cast,pg_cast_source_target_index,2092,688,688,10,2192
946684800,pg_catalog,pg_cast,pg_cast_oid_index,0,0,0,0,0
946684800,pg_catalog,pg_enum,pg_enum_typid_sortorder_index,0,0,0,0,0
946684800,pg_catalog,pg_enum,pg_enum_typid_label_index,0,0,0,0,0
946684800,pg_catalog,pg_enum,pg_enum_oid_index,0,0,0,0,0
946684800,pg_catalog,pg_namespace,pg_namespace_oid_index,738,738,738,9,793
946684800,pg_catalog,pg_namespace,pg_namespace_nspname_index,356,234,234,12,467
946684800,pg_catalog,pg_conversion,pg_conversion_oid_index,0,0,0,0,0
946684800,pg_catalog,pg_conversion,pg_conversion_name_nsp_index,0,0,0,0,0
946684800,pg_catalog,pg_conversion,pg_conversion_default_index,0,0,0,0,0
946684800,pg_catalog,pg_depend,pg_depend_reference_index,324,323,321,17,826
946684800,pg_catalog,pg_depend,pg_depend_depender_index,0,0,0,6,192
946684800,pg_catalog,pg_db_role_setting,pg_db_role_setting_databaseid_rol_index,652,0,0,7,645
946684800,pg_catalog,pg_tablespace,pg_tablespace_spcname_index,0,0,0,0,0
946684800,pg_catalog,pg_tablespace,pg_tablespace_oid_index,102,102,102,10,194
946684800,pg_catalog,pg_pltemplate,pg_pltemplate_name_index,0,0,0,0,0
946684800,pg_catalog,pg_auth_members,pg_auth_members_member_role_index,0,0,0,0,0
946684800,pg_catalog,pg_auth_members,pg_auth_members_role_member_index,0,0,0,0,0
946684800,pg_catalog,pg_shdepend,pg_shdepend_reference_index,11,11,11,2,11
946684800,pg_catalog,pg_shdepend,pg_shdepend_depender_index,1,0,0,2,0
946684800,pg_catalog,pg_shdescription,pg_shdescription_o_c_index,0,0,0,0,0
946684800,pg_catalog,pg_ts_config,pg_ts_config_oid_index,0,0,0,0,0
946684800,pg_catalog,pg_ts_config,pg_ts_config_cfgname_index,0,0,0,0,0
946684800,pg_catalog,pg_ts_config_map,pg_ts_config_map_index,0,0,0,0,0
946684800,pg_catalog,pg_ts_dict,pg_ts_dict_oid_index,0,0,0,0,0
946684800,pg_catalog,pg_ts_dict,pg_ts_dict_dictname_index,0,0,0,0,0
946684800,pg_catalog,pg_ts_parser,pg_ts_parser_oid_index,0,0,0,0,0
946684800,pg_catalog,pg_ts_parser,pg_ts_parser_prsname_index,0,0,0,0,0
946684800,pg_catalog,pg_ts_template,pg_ts_template_oid_index,0,0,0,0,0
946684800,pg_catalog,pg_ts_template,pg_ts_template_tmplname_index,0,0,0,0,0
946684800,pg_catalog,pg_extension,pg_extension_name_index,0,0,0,0,0
946684800,pg_catalog,pg_extension,pg_extension_oid_index,0,0,0,0,0
946684800,pg_catalog,pg_foreign_data_wrapper,pg_foreign_data_wrapper_name_index,0,0,0,0,0
946684800,pg_catalog,pg_foreign_data_wrapper,pg_foreign_data_wrapper_oid_index,0,0,0,0,0
946684800,pg_catalog,pg_foreign_server,pg_foreign_server_name_index,0,0,0,0,0
946684800,pg_catalog,pg_foreign_server,pg_foreign_server_oid_index,0,0,0,0,0
946684800,pg_catalog,pgxc_class,pgxc_class_pcrelid_index,0,0,0,0,0
946684800,pg_catalog,pgxc_node,pgxc_node_id_index,2,0,0,2,3
946684800,pg_catalog,pgxc_node,pgxc_node_name_index,159,157,157,12,274
946684800,pg_catalog,pgxc_node,pgxc_node_oid_index,253,251,251,12,369
946684800,pg_catalog,pgxc_group,pgxc_group_oid,0,0,0,0,0
946684800,pg_catalog,pgxc_group,pgxc_group_name_index,0,0,0,0,0
946684800,pg_catalog,pg_foreign_table,pg_foreign_table_relid_index,0,0,0,0,0
946684800,pg_catalog,pg_policy,pg_policy_polrelid_polname_index,0,0,0,0,0
946684800,pg_catalog,pg_policy,pg_policy_oid_index,0,0,0,0,0
946684800,pg_catalog,pg_replication_origin,pg_replication_origin_roname_index,0,0,0,0,0
946684800,pg_catalog,pg_replication_origin,pg_replication_origin_roiident_index,0,0,0,0,0
946684800,pg_catalog,pg_tablesample_method,pg_tablesample_method_oid_index,0,0,0,0,0
946684800,pg_catalog,pg_tablesample_method,pg_tablesample_method_name_index,0,0,0,0,0
946684800,pg_catalog,pg_default_acl,pg_default_acl_oid_index,0,0,0,0,0
946684800,pg_catalog,pg_default_acl,pg_default_acl_role_nsp_obj_index,6,0,0,1,5
946684800,pg_catalog,pg_seclabel,pg_seclabel_object_index,0,0,0,0,0
946684800,pg_catalog,pg_shseclabel,pg_shseclabel_object_index,0,0,0,0,0
946684800,pg_catalog,pg_collation,pg_collation_oid_index,12,12,12,12,24
946684800,pg_catalog,pg_collation,pg_collation_name_enc_nsp_index,16,16,16,21,27
946684800,pg_catalog,pg_range,pg_range_rngtypid_index,0,0,0,0,0
946684800,pg_catalog,pg_transform,pg_transform_type_lang_index,0,0,0,0,0
946684800,pg_catalog,pg_transform,pg_transform_oid_index,0,0,0,0,0
946684800,pg_toast,pg_toast_13078,pg_toast_13078_index,0,0,0,0,0
946684800,pg_toast,pg_toast_13083,pg_toast_13083_index,0,0,0,0,0
946684800,pg_toast,pg_toast_13088,pg_toast_13088_index,0,0,0,0,0
946684800,pg_toast,pg_toast_13093,pg_toast_13093_index,0,0,0,0,0
946684800,pg_toast,pg_toast_13098,pg_toast_13098_index,0,0,0,0,0
946684800,pg_toast,pg_toast_13103,pg_toast_13103_index,0,0,0,0,0
946684800,pg_toast,pg_toast_13108,pg_toast_13108_index,0,0,0,0,0
946684800,public,supplier,pk_supplier,12964,12964,12964,551,25715
946684800,public,supplier,supplier_s_nationkey_s_suppkey_idx,2,7957,0,302,0
946684800,public,supplier,supplier_s_suppkey_idx_like,2,112,112,3,2
946684800,pg_catalog,pg_database,pg_database_oid_index,538,537,537,15,694
946684800,pg_catalog,pg_database,pg_database_datname_index,300,299,299,16,453
946684800,public,part,part_p_type_p_partkey_idx,1,6800,0,5803,0
946684800,public,part,pk_part,1,1000698,1000698,5484,0
946684800,public,part,part_p_name_idx,0,0,0,6806,0
946684800,public,part,part_p_container_p_brand_p_partkey_idx,1,979,979,6087,0
946684800,public,part,part_p_size_idx,8,160070,0,3196,12
946684800,public,partsupp,partsupp_ps_suppkey_idx,20037,802101,802101,20796,52556
946684800,public,partsupp,pk_partsupp,15015,47365,47365,20321,35939
946684800,public,customer,customer_c_phone_idx_c_acctbal,0,0,0,3741,0
946684800,public,customer,customer_c_nationkey_c_custkey_idx,0,0,0,4115,0
946684800,public,customer,pk_customer,0,0,0,4115,0
946684800,public,customer,customer_c_mktsegment_c_custkey_idx,1,300441,0,6933,0
946684800,public,customer,customer_c_phone_idx,0,0,0,4115,0
946684800,public,orders,orders_o_orderdate_o_orderkey_idx,1,2281248,0,29190,20091
946684800,public,orders,orders_o_orderkey_o_orderdate_idx,287268,287268,287268,37886,868714
946684800,public,orders,pk_orders,0,0,0,20643,22530
946684800,public,lineitem,lineitem_l_partkey_l_quantity_l_shipmode_idx,87867,1290788,1230758,212303,413889
946684800,public,lineitem,lineitem_l_orderkey_idx_part2,0,0,0,9888,10582
946684800,public,lineitem,lineitem_l_orderkey_idx_part1,31098,19030340,39953,123932,130157
946684800,public,lineitem,lineitem_l_orderkey_idx_l_returnflag,0,0,0,20374,22191
946684800,public,lineitem,lineitem_l_orderkey_l_linenumber_l_shipdate_idx,0,0,0,115855,119246
946684800,public,lineitem,lineitem_l_orderkey_idx,0,0,0,82510,119176
946684800,public,lineitem,pk_lineitem,0,0,0,82510,119176
946684800,public,lineitem,lineitem_l_shipdate_l_suppkey__idx,2,4909880,0,120515,94148
946684800,public,nation,pk_nation,12964,12964,12964,3,12963
946684800,public,region,pk_region,0,0,0,1,0
946684800,pg_catalog,pg_statistic,pg_statistic_relid_att_inh_index,820,467,406,23,1852
946684800,pg_catalog,pg_type,pg_type_typname_nsp_index,168,147,147,29,366
946684800,pg_catalog,pg_type,pg_type_oid_index,2423,2404,2404,14,2558
946684800,pg_toast,pg_toast_2604,pg_toast_2604_index,0,0,0,0,0
946684800,pg_toast,pg_toast_2606,pg_toast_2606_index,0,0,0,0,0
946684800,pg_toast,pg_toast_2609,pg_toast_2609_index,0,0,0,0,0
946684800,pg_toast,pg_toast_1255,pg_toast_1255_index,0,0,0,0,0
946684800,pg_toast,pg_toast_2618,pg_toast_2618_index,100,320,320,12,148
946684800,pg_toast,pg_toast_3596,pg_toast_3596_index,0,0,0,0,0
946684800,pg_toast,pg_toast_2619,pg_toast_2619_index,21,26,26,2,37
946684800,pg_toast,pg_toast_2620,pg_toast_2620_index,0,0,0,0,0
946684800,pg_toast,pg_toast_2396,pg_toast_2396_index,0,0,0,0,0
946684800,pg_toast,pg_toast_2964,pg_toast_2964_index,0,0,0,0,0
946684800,pg_toast,pg_toast_3592,pg_toast_3592_index,0,0,0,0,0
946684800,pg_catalog,pg_authid,pg_authid_oid_index,132,132,132,12,252
946684800,pg_catalog,pg_authid,pg_authid_rolname_index,130,130,130,12,248
946684800,pg_catalog,pg_user_mapping,pg_user_mapping_user_server_index,0,0,0,0,0
946684800,pg_catalog,pg_user_mapping,pg_user_mapping_oid_index,0,0,0,0,0
946684800,pg_catalog,pg_attribute,pg_attribute_relid_attnum_index,5243,11137,11048,54,10985
946684800,pg_catalog,pg_attribute,pg_attribute_relid_attnam_index,41,47,41,4,483
946684800,pg_catalog,pg_proc,pg_proc_proname_args_nsp_index,340,1043,1043,65,732
946684800,pg_catalog,pg_proc,pg_proc_oid_index,1454,1454,1454,58,2972
946684800,pg_catalog,pg_class,pg_class_tblspc_relfilenode_index,0,0,0,7,104
946684800,pg_catalog,pg_class,pg_class_relname_nsp_index,729,440,440,36,1626
946684800,pg_catalog,pg_class,pg_class_oid_index,8198,14120,11772,15,8372
946684800,pg_catalog,pg_attrdef,pg_attrdef_oid_index,0,0,0,0,0
946684800,pg_catalog,pg_attrdef,pg_attrdef_adrelid_adnum_index,0,0,0,0,0
946684800,pg_catalog,pg_constraint,pg_constraint_oid_index,8,0,0,2,21
946684800,pg_catalog,pg_constraint,pg_constraint_contypid_index,0,0,0,2,13
946684800,pg_catalog,pg_constraint,pg_constraint_conrelid_index,0,0,0,2,13
946684800,pg_catalog,pg_constraint,pg_constraint_conname_nsp_index,0,0,0,2,13
946684800,pg_catalog,pg_inherits,pg_inherits_parent_index,0,0,0,0,0
946684800,pg_catalog,pg_inherits,pg_inherits_relid_seqno_index,0,0,0,0,0
946684800,pg_catalog,pg_index,pg_index_indexrelid_index,1032,1032,1032,17,1194
946684800,pg_catalog,pg_index,pg_index_indrelid_index,373,778,770,12,505
946684800,pg_catalog,pg_operator,pg_operator_oprname_l_r_n_index,192,248,248,35,432
946684800,pg_catalog,pg_operator,pg_operator_oid_index,619,460,460,22,1319
946684800,pg_catalog,pg_opfamily,pg_opfamily_oid_index,0,0,0,0,0
946684800,pg_catalog,pg_opfamily,pg_opfamily_am_name_nsp_index,0,0,0,0,0
946684800,pg_catalog,pg_opclass,pg_opclass_oid_index,432,432,432,17,566
946684800,pg_catalog,pg_opclass,pg_opclass_am_name_nsp_index,161,6984,6984,12,224
946684800,pg_catalog,pg_am,pg_am_oid_index,0,0,0,0,0
946684800,pg_catalog,pg_am,pg_am_name_index,0,0,0,0,0
946684800,pg_catalog,pg_amop,pg_amop_oid_index,0,0,0,0,0
946684800,pg_catalog,pg_amop,pg_amop_opr_fam_index,333,830,830,28,739
946684800,pg_catalog,pg_amop,pg_amop_fam_strat_index,570,570,570,18,1211
946684800,pg_catalog,pg_amproc,pg_amproc_oid_index,0,0,0,0,0
946684800,pg_catalog,pg_amproc,pg_amproc_fam_proc_index,541,801,801,28,1205
946684800,pg_catalog,pg_language,pg_language_oid_index,0,0,0,0,0
946684800,pg_catalog,pg_language,pg_language_name_index,0,0,0,0,0
946684800,pg_catalog,pg_largeobject_metadata,pg_largeobject_metadata_oid_index,0,0,0,0,0
946684800,pg_catalog,pg_largeobject,pg_largeobject_loid_pn_index,0,0,0,0,0
946684800,pg_catalog,pg_aggregate,pg_aggregate_fnoid_index,42,42,42,14,62
946684800,pg_catalog,pg_rewrite,pg_rewrite_rel_rulename_index,140,140,140,12,228
946684800,pg_catalog,pg_rewrite,pg_rewrite_oid_index,0,0,0,0,0
946684800,pg_catalog,pg_trigger,pg_trigger_oid_index,0,0,0,0,0
946684800,pg_catalog,pg_trigger,pg_trigger_tgrelid_tgname_index,0,0,0,0,0
946684800,pg_catalog,pg_trigger,pg_trigger_tgconstraint_index,0,0,0,0,0
946684800,pg_catalog,pg_event_trigger,pg_event_trigger_oid_index,0,0,0,0,0
946684800,pg_catalog,pg_event_trigger,pg_event_trigger_evtname_index,13,0,0,1,12
946684800,pg_catalog,pg_description,pg_description_o_c_o_index,0,0,0,0,0
946684800,pg_catalog,pg_cast,pg_cast_source_target_index,2161,716,716,12,2264
946684800,pg_catalog,pg_cast,pg_cast_oid_index,0,0,0,0,0
946684800,pg_catalog,pg_enum,pg_enum_typid_sortorder_index,0,0,0,0,0
946684800,pg_catalog,pg_enum,pg_enum_typid_label_index,0,0,0,0,0
946684800,pg_catalog,pg_enum,pg_enum_oid_index,0,0,0,0,0
946684800,pg_catalog,pg_namespace,pg_namespace_oid_index,740,740,740,11,796
946684800,pg_catalog,pg_namespace,pg_namespace_nspname_index,371,244,244,12,487
946684800,pg_catalog,pg_conversion,pg_conversion_oid_index,0,0,0,0,0
946684800,pg_catalog,pg_conversion,pg_conversion_name_nsp_index,0,0,0,0,0
946684800,pg_catalog,pg_conversion,pg_conversion_default_index,0,0,0,0,0
946684800,pg_catalog,pg_depend,pg_depend_reference_index,324,323,321,17,826
946684800,pg_catalog,pg_depend,pg_depend_depender_index,0,0,0,6,192
946684800,pg_catalog,pg_db_role_setting,pg_db_role_setting_databaseid_rol_index,680,0,0,7,673
946684800,pg_catalog,pg_tablespace,pg_tablespace_spcname_index,0,0,0,0,0
946684800,pg_catalog,pg_tablespace,pg_tablespace_oid_index,107,107,107,12,202
946684800,pg_catalog,pg_pltemplate,pg_pltemplate_name_index,0,0,0,0,0
946684800,pg_catalog,pg_auth_members,pg_auth_members_member_role_index,0,0,0,0,0
946684800,pg_catalog,pg_auth_members,pg_auth_members_role_member_index,0,0,0,0,0
946684800,pg_catalog,pg_shdepend,pg_shdepend_reference_index,11,11,11,2,11
946684800,pg_catalog,pg_shdepend,pg_shdepend_depender_index,1,0,0,2,0
946684800,pg_catalog,pg_shdescription,pg_shdescription_o_c_index,0,0,0,0,0
946684800,pg_catalog,pg_ts_config,pg_ts_config_oid_index,0,0,0,0,0
946684800,pg_catalog,pg_ts_config,pg_ts_config_cfgname_index,0,0,0,0,0
946684800,pg_catalog,pg_ts_config_map,pg_ts_config_map_index,0,0,0,0,0
946684800,pg_catalog,pg_ts_dict,pg_ts_dict_oid_index,0,0,0,0,0
946684800,pg_catalog,pg_ts_dict,pg_ts_dict_dictname_index,0,0,0,0,0
946684800,pg_catalog,pg_ts_parser,pg_ts_parser_oid_index,0,0,0,0,0
946684800,pg_catalog,pg_ts_parser,pg_ts_parser_prsname_index,0,0,0,0,0
946684800,pg_catalog,pg_ts_template,pg_ts_template_oid_index,0,0,0,0,0
946684800,pg_catalog,pg_ts_template,pg_ts_template_tmplname_index,0,0,0,0,0
946684800,pg_catalog,pg_extension,pg_extension_name_index,0,0,0,0,0
946684800,pg_catalog,pg_extension,pg_extension_oid_index,0,0,0,0,0
946684800,pg_catalog,pg_foreign_data_wrapper,pg_foreign_data_wrapper_name_index,0,0,0,0,0
946684800,pg_catalog,pg_foreign_data_wrapper,pg_foreign_data_wrapper_oid_index,0,0,0,0,0
946684800,pg_catalog,pg_foreign_server,pg_foreign_server_name_index,0,0,0,0,0
946684800,pg_catalog,pg_foreign_server,pg_foreign_server_oid_index,0,0,0,0,0
946684800,pg_catalog,pgxc_class,pgxc_class_pcrelid_index,0,0,0,0,0
946684800,pg_catalog,pgxc_node,pgxc_node_id_index,2,0,0,2,3
946684800,pg_catalog,pgxc_node,pgxc_node_name_index,164,162,162,12,284
946684800,pg_catalog,pgxc_node,pgxc_node_oid_index,263,261,261,12,384
946684800,pg_catalog,pgxc_group,pgxc_group_oid,0,0,0,0,0
946684800,pg_catalog,pgxc_group,pgxc_group_name_index,0,0,0,0,0
946684800,pg_catalog,pg_foreign_table,pg_foreign_table_relid_index,0,0,0,0,0
946684800,pg_catalog,pg_policy,pg_policy_polrelid_polname_index,0,0,0,0,0
946684800,pg_catalog,pg_policy,pg_policy_oid_index,0,0,0,0,0
946684800,pg_catalog,pg_replication_origin,pg_replication_origin_roname_index,0,0,0,0,0
946684800,pg_catalog,pg_replication_origin,pg_replication_origin_roiident_index,0,0,0,0,0
946684800,pg_catalog,pg_tablesample_method,pg_tablesample_method_oid_index,0,0,0,0,0
946684800,pg_catalog,pg_tablesample_method,pg_tablesample_method_name_index,0,0,0,0,0
946684800,pg_catalog,pg_default_acl,pg_default_acl_oid_index,0,0,0,0,0
946684800,pg_catalog,pg_default_acl,pg_default_acl_role_nsp_obj_index,6,0,0,1,5
946684800,pg_catalog,pg_seclabel,pg_seclabel_object_index,0,0,0,0,0
946684800,pg_catalog,pg_shseclabel,pg_shseclabel_object_index,0,0,0,0,0
946684800,pg_catalog,pg_collation,pg_collation_oid_index,13,13,13,15,24
946684800,pg_catalog,pg_collation,pg_collation_name_enc_nsp_index,16,16,16,21,27
946684800,pg_catalog,pg_range,pg_range_rngtypid_index,0,0,0,0,0
946684800,pg_catalog,pg_transform,pg_transform_type_lang_index,0,0,0,0,0
946684800,pg_catalog,pg_transform,pg_transform_oid_index,0,0,0,0,0
946684800,pg_toast,pg_toast_13078,pg_toast_13078_index,0,0,0,0,0
946684800,pg_toast,pg_toast_13083,pg_toast_13083_index,0,0,0,0,0
946684800,pg_toast,pg_toast_13088,pg_toast_13088_index,0,0,0,0,0
946684800,pg_toast,pg_toast_13093,pg_toast_13093_index,0,0,0,0,0
946684800,pg_toast,pg_toast_13098,pg_toast_13098_index,0,0,0,0,0
946684800,pg_toast,pg_toast_13103,pg_toast_13103_index,0,0,0,0,0
946684800,pg_toast,pg_toast_13108,pg_toast_13108_index,0,0,0,0,0
946684800,public,supplier,pk_supplier,12964,12964,12964,551,25715
946684800,public,supplier,supplier_s_nationkey_s_suppkey_idx,5,19921,0,344,0
946684800,public,supplier,supplier_s_suppkey_idx_like,2,112,112,3,2
946684800,pg_catalog,pg_database,pg_database_oid_index,561,560,560,17,722
946684800,pg_catalog,pg_database,pg_database_datname_index,312,311,311,18,470
946684800,public,part,part_p_type_p_partkey_idx,1,6800,0,5803,0
946684800,public,part,pk_part,1,1000698,1000698,5484,0
946684800,public,part,part_p_name_idx,0,0,0,6806,0
946684800,public,part,part_p_container_p_brand_p_partkey_idx,1,979,979,6087,0
946684800,public,part,part_p_size_idx,8,160070,0,3196,12
946684800,public,partsupp,partsupp_ps_suppkey_idx,32001,1280979,1280979,30540,80084
946684800,public,partsupp,pk_partsupp,15015,47365,47365,20321,35939
946684800,public,customer,customer_c_phone_idx_c_acctbal,0,0,0,3741,0
946684800,public,customer,customer_c_nationkey_c_custkey_idx,0,0,0,4115,0
946684800,public,customer,pk_customer,0,0,0,4115,0
946684800,public,customer,customer_c_mktsegment_c_custkey_idx,1,300441,0,6933,0
946684800,public,customer,customer_c_phone_idx,0,0,0,4115,0
946684800,public,orders,orders_o_orderdate_o_orderkey_idx,2,2562219,0,29961,20091
946684800,public,orders,orders_o_orderkey_o_orderdate_idx,287268,287268,287268,37886,868714
946684800,public,orders,pk_orders,0,0,0,20643,22530
946684800,public,lineitem,lineitem_l_partkey_l_quantity_l_shipmode_idx,87867,1290788,1230758,212303,413889
946684800,public,lineitem,lineitem_l_orderkey_idx_part2,0,0,0,9888,10582
946684800,public,lineitem,lineitem_l_orderkey_idx_part1,312069,19288059,297672,175922,921859
946684800,public,lineitem,lineitem_l_orderkey_idx_l_returnflag,0,0,0,20374,22191
946684800,public,lineitem,lineitem_l_orderkey_l_linenumber_l_shipdate_idx,0,0,0,115855,119246
946684800,public,lineitem,lineitem_l_orderkey_idx,0,0,0,82510,119176
946684800,public,lineitem,pk_lineitem,0,0,0,82510,119176
946684800,public,lineitem,lineitem_l_shipdate_l_suppkey__idx,4,7156330,0,126656,94148
946684800,public,nation,pk_nation,12964,12964,12964,3,12963
946684800,public,region,pk_region,0,0,0,1,0
946684800,pg_catalog,pg_statistic,pg_statistic_relid_att_inh_index,843,483,422,24,1902
946684800,pg_catalog,pg_type,pg_type_typname_nsp_index,168,147,147,29,366
946684800,pg_catalog,pg_type,pg_type_oid_index,2514,2495,2495,16,2652
946684800,pg_toast,pg_toast_2604,pg_toast_2604_index,0,0,0,0,0
946684800,pg_toast,pg_toast_2606,pg_toast_2606_index,0,0,0,0,0
946684800,pg_toast,pg_toast_2609,pg_toast_2609_index,0,0,0,0,0
946684800,pg_toast,pg_toast_1255,pg_toast_1255_index,0,0,0,0,0
946684800,pg_toast,pg_toast_2618,pg_toast_2618_index,105,336,336,14,154
946684800,pg_toast,pg_toast_3596,pg_toast_3596_index,0,0,0,0,0
946684800,pg_toast,pg_toast_2619,pg_toast_2619_index,21,26,26,2,37
946684800,pg_toast,pg_toast_2620,pg_toast_2620_index,0,0,0,0,0
946684800,pg_toast,pg_toast_2396,pg_toast_2396_index,0,0,0,0,0
946684800,pg_toast,pg_toast_2964,pg_toast_2964_index,0,0,0,0,0
946684800,pg_toast,pg_toast_3592,pg_toast_3592_index,0,0,0,0,0
946684800,pg_catalog,pg_authid,pg_authid_oid_index,137,137,137,14,260
946684800,pg_catalog,pg_authid,pg_authid_rolname_index,135,135,135,14,256
946684800,pg_catalog,pg_user_mapping,pg_user_mapping_user_server_index,0,0,0,0,0
946684800,pg_catalog,pg_user_mapping,pg_user_mapping_oid_index,0,0,0,0,0
946684800,pg_catalog,pg_attribute,pg_attribute_relid_attnum_index,5452,11490,11401,66,11396
946684800,pg_catalog,pg_attribute,pg_attribute_relid_attnam_index,41,47,41,4,483
946684800,pg_catalog,pg_proc,pg_proc_proname_args_nsp_index,364,1102,1102,75,775
946684800,pg_catalog,pg_proc,pg_proc_oid_index,1538,1538,1538,74,3129
946684800,pg_catalog,pg_class,pg_class_tblspc_relfilenode_index,0,0,0,8,106
946684800,pg_catalog,pg_class,pg_class_relname_nsp_index,756,458,458,44,1677
946684800,pg_catalog,pg_class,pg_class_oid_index,8583,14803,12361,20,8757
946684800,pg_catalog,pg_attrdef,pg_attrdef_oid_index,0,0,0,0,0
946684800,pg_catalog,pg_attrdef,pg_attrdef_adrelid_adnum_index,0,0,0,0,0
946684800,pg_catalog,pg_constraint,pg_constraint_oid_index,8,0,0,2,21
946684800,pg_catalog,pg_constraint,pg_constraint_contypid_index,0,0,0,2,13
946684800,pg_catalog,pg_constraint,pg_constraint_conrelid_index,0,0,0,2,13
946684800,pg_catalog,pg_constraint,pg_constraint_conname_nsp_index,0,0,0,2,13
946684800,pg_catalog,pg_inherits,pg_inherits_parent_index,0,0,0,0,0
946684800,pg_catalog,pg_inherits,pg_inherits_relid_seqno_index,0,0,0,0,0
946684800,pg_catalog,pg_index,pg_index_indexrelid_index,1065,1065,1065,24,1225
946684800,pg_catalog,pg_index,pg_index_indrelid_index,386,804,796,14,521
946684800,pg_catalog,pg_operator,pg_operator_oprname_l_r_n_index,202,258,258,41,449
946684800,pg_catalog,pg_operator,pg_operator_oid_index,639,480,480,30,1355
946684800,pg_catalog,pg_opfamily,pg_opfamily_oid_index,0,0,0,0,0
946684800,pg_catalog,pg_opfamily,pg_opfamily_am_name_nsp_index,0,0,0,0,0
946684800,pg_catalog,pg_opclass,pg_opclass_oid_index,445,445,445,21,580
946684800,pg_catalog,pg_opclass,pg_opclass_am_name_nsp_index,165,7155,7155,14,229
946684800,pg_catalog,pg_am,pg_am_oid_index,0,0,0,0,0
946684800,pg_catalog,pg_am,pg_am_name_index,0,0,0,0,0
946684800,pg_catalog,pg_amop,pg_amop_oid_index,0,0,0,0,0
946684800,pg_catalog,pg_amop,pg_amop_opr_fam_index,348,868,868,31,770
946684800,pg_catalog,pg_amop,pg_amop_fam_strat_index,591,591,591,21,1254
946684800,pg_catalog,pg_amproc,pg_amproc_oid_index,0,0,0,0,0
946684800,pg_catalog,pg_amproc,pg_amproc_fam_proc_index,559,828,828,34,1240
946684800,pg_catalog,pg_language,pg_language_oid_index,0,0,0,0,0
946684800,pg_catalog,pg_language,pg_language_name_index,0,0,0,0,0
946684800,pg_catalog,pg_largeobject_metadata,pg_largeobject_metadata_oid_index,0,0,0,0,0
946684800,pg_catalog,pg_largeobject,pg_largeobject_loid_pn_index,0,0,0,0,0
946684800,pg_catalog,pg_aggregate,pg_aggregate_fnoid_index,46,46,46,19,62
946684800,pg_catalog,pg_rewrite,pg_rewrite_rel_rulename_index,147,147,147,14,238
946684800,pg_catalog,pg_rewrite,pg_rewrite_oid_index,0,0,0,0,0
946684800,pg_catalog,pg_trigger,pg_trigger_oid_index,0,0,0,0,0
946684800,pg_catalog,pg_trigger,pg_trigger_tgrelid_tgname_index,0,0,0,0,0
946684800,pg_catalog,pg_trigger,pg_trigger_tgconstraint_index,0,0,0,0,0
946684800,pg_catalog,pg_event_trigger,pg_event_trigger_oid_index,0,0,0,0,0
946684800,pg_catalog,pg_event_trigger,pg_event_trigger_evtname_index,13,0,0,1,12
946684800,pg_catalog,pg_description,pg_description_o_c_o_index,0,0,0,0,0
946684800,pg_catalog,pg_cast,pg_cast_source_target_index,2230,744,744,14,2336
946684800,pg_catalog,pg_cast,pg_cast_oid_index,0,0,0,0,0
946684800,pg_catalog,pg_enum,pg_enum_typid_sortorder_index,0,0,0,0,0
946684800,pg_catalog,pg_enum,pg_enum_typid_label_index,0,0,0,0,0
946684800,pg_catalog,pg_enum,pg_enum_oid_index,0,0,0,0,0
946684800,pg_catalog,pg_namespace,pg_namespace_oid_index,740,740,740,12,797
946684800,pg_catalog,pg_namespace,pg_namespace_nspname_index,386,254,254,14,505
946684800,pg_catalog,pg_conversion,pg_conversion_oid_index,0,0,0,0,0
946684800,pg_catalog,pg_conversion,pg_conversion_name_nsp_index,0,0,0,0,0
946684800,pg_catalog,pg_conversion,pg_conversion_default_index,0,0,0,0,0
946684800,pg_catalog,pg_depend,pg_depend_reference_index,324,323,321,17,826
946684800,pg_catalog,pg_depend,pg_depend_depender_index,0,0,0,6,192
946684800,pg_catalog,pg_db_role_setting,pg_db_role_setting_databaseid_rol_index,708,0,0,8,700
946684800,pg_catalog,pg_tablespace,pg_tablespace_spcname_index,0,0,0,0,0
946684800,pg_catalog,pg_tablespace,pg_tablespace_oid_index,112,112,112,14,210
946684800,pg_catalog,pg_pltemplate,pg_pltemplate_name_index,0,0,0,0,0
946684800,pg_catalog,pg_auth_members,pg_auth_members_member_role_index,0,0,0,0,0
946684800,pg_catalog,pg_auth_members,pg_auth_members_role_member_index,0,0,0,0,0
946684800,pg_catalog,pg_shdepend,pg_shdepend_reference_index,11,11,11,2,11
946684800,pg_catalog,pg_shdepend,pg_shdepend_depender_index,1,0,0,2,0
946684800,pg_catalog,pg_shdescription,pg_shdescription_o_c_index,0,0,0,0,0
946684800,pg_catalog,pg_ts_config,pg_ts_config_oid_index,0,0,0,0,0
946684800,pg_catalog,pg_ts_config,pg_ts_config_cfgname_index,0,0,0,0,0
946684800,pg_catalog,pg_ts_config_map,pg_ts_config_map_index,0,0,0,0,0
946684800,pg_catalog,pg_ts_dict,pg_ts_dict_oid_index,0,0,0,0,0
946684800,pg_catalog,pg_ts_dict,pg_ts_dict_dictname_index,0,0,0,0,0
946684800,pg_catalog,pg_ts_parser,pg_ts_parser_oid_index,0,0,0,0,0
946684800,pg_catalog,pg_ts_parser,pg_ts_parser_prsname_index,0,0,0,0,0
946684800,pg_catalog,pg_ts_template,pg_ts_template_oid_index,0,0,0,0,0
946684800,pg_catalog,pg_ts_template,pg_ts_template_tmplname_index,0,0,0,0,0
946684800,pg_catalog,pg_extension,pg_extension_name_index,0,0,0,0,0
946684800,pg_catalog,pg_extension,pg_extension_oid_index,0,0,0,0,0
946684800,pg_catalog,pg_foreign_data_wrapper,pg_foreign_data_wrapper_name_index,0,0,0,0,0
946684800,pg_catalog,pg_foreign_data_wrapper,pg_foreign_data_wrapper_oid_index,0,0,0,0,0
946684800,pg_catalog,pg_foreign_server,pg_foreign_server_name_index,0,0,0,0,0
946684800,pg_catalog,pg_foreign_server,pg_foreign_server_oid_index,0,0,0,0,0
946684800,pg_catalog,pgxc_class,pgxc_class_pcrelid_index,0,0,0,0,0
946684800,pg_catalog,pgxc_node,pgxc_node_id_index,2,0,0,2,3
946684800,pg_catalog,pgxc_node,pgxc_node_name_index,169,167,167,14,292
946684800,pg_catalog,pgxc_node,pgxc_node_oid_index,273,271,271,14,397
946684800,pg_catalog,pgxc_group,pgxc_group_oid,0,0,0,0,0
946684800,pg_catalog,pgxc_group,pgxc_group_name_index,0,0,0,0,0
946684800,pg_catalog,pg_foreign_table,pg_foreign_table_relid_index,0,0,0,0,0
946684800,pg_catalog,pg_policy,pg_policy_polrelid_polname_index,0,0,0,0,0
946684800,pg_catalog,pg_policy,pg_policy_oid_index,0,0,0,0,0
946684800,pg_catalog,pg_replication_origin,pg_replication_origin_roname_index,0,0,0,0,0
946684800,pg_catalog,pg_replication_origin,pg_replication_origin_roiident_index,0,0,0,0,0
946684800,pg_catalog,pg_tablesample_method,pg_tablesample_method_oid_index,0,0,0,0,0
946684800,pg_catalog,pg_tablesample_method,pg_tablesample_method_name_index,0,0,0,0,0
946684800,pg_catalog,pg_default_acl,pg_default_acl_oid_index,0,0,0,0,0
946684800,pg_catalog,pg_default_acl,pg_default_acl_role_nsp_obj_index,6,0,0,1,5
946684800,pg_catalog,pg_seclabel,pg_seclabel_object_index,0,0,0,0,0
946684800,pg_catalog,pg_shseclabel,pg_shseclabel_object_index,0,0,0,0,0
946684800,pg_catalog,pg_collation,pg_collation_oid_index,13,13,13,15,24
946684800,pg_catalog,pg_collation,pg_collation_name_enc_nsp_index,16,16,16,21,27
946684800,pg_catalog,pg_range,pg_range_rngtypid_index,0,0,0,0,0
946684800,pg_catalog,pg_transform,pg_transform_type_lang_index,0,0,0,0,0
946684800,pg_catalog,pg_transform,pg_transform_oid_index,0,0,0,0,0
946684800,pg_toast,pg_toast_13078,pg_toast_13078_index,0,0,0,0,0
946684800,pg_toast,pg_toast_13083,pg_toast_13083_index,0,0,0,0,0
946684800,pg_toast,pg_toast_13088,pg_toast_13088_index,0,0,0,0,0
946684800,pg_toast,pg_toast_13093,pg_toast_13093_index,0,0,0,0,0
946684800,pg_toast,pg_toast_13098,pg_toast_13098_index,0,0,0,0,0
946684800,pg_toast,pg_toast_13103,pg_toast_13103_index,0,0,0,0,0
946684800,pg_toast,pg_toast_13108,pg_toast_13108_index,0,0,0,0,0
946684800,public,supplier,pk_supplier,12964,12964,12964,551,25715
946684800,public,supplier,supplier_s_nationkey_s_suppkey_idx,5,19921,0,344,0
946684800,public,supplier,supplier_s_suppkey_idx_like,2,112,112,3,2
946684800,pg_catalog,pg_database,pg_database_oid_index,586,585,585,23,750
946684800,pg_catalog,pg_database,pg_database_datname_index,328,327,327,24,489
946684800,public,part,part_p_type_p_partkey_idx,1,6800,0,5803,0
946684800,public,part,pk_part,1,1000698,1000698,5484,0
946684800,public,part,part_p_name_idx,0,0,0,6806,0
946684800,public,part,part_p_container_p_brand_p_partkey_idx,13,13178,979,6188,11
946684800,public,part,part_p_size_idx,11,757980,0,4016,835
946684800,public,partsupp,partsupp_ps_suppkey_idx,32001,1280979,1280979,30540,80084
946684800,public,partsupp,pk_partsupp,15015,47365,47365,20321,35939
946684800,public,customer,customer_c_phone_idx_c_acctbal,0,0,0,3741,0
946684800,public,customer,customer_c_nationkey_c_custkey_idx,0,0,0,4115,0
946684800,public,customer,pk_customer,0,0,0,4115,0
946684800,public,customer,customer_c_mktsegment_c_custkey_idx,1,300441,0,6933,0
946684800,public,customer,customer_c_phone_idx,0,0,0,4115,0
946684800,public,orders,orders_o_orderdate_o_orderkey_idx,4,3989215,0,33863,20091
946684800,public,orders,orders_o_orderkey_o_orderdate_idx,287268,287268,287268,37886,868714
946684800,public,orders,pk_orders,0,0,0,20643,22530
946684800,public,lineitem,lineitem_l_partkey_l_quantity_l_shipmode_idx,97691,1301406,1241376,218435,447815
946684800,public,lineitem,lineitem_l_orderkey_idx_part2,0,0,0,9888,10582
946684800,public,lineitem,lineitem_l_orderkey_idx_part1,312069,19288059,297672,175922,921859
946684800,public,lineitem,lineitem_l_orderkey_idx_l_returnflag,1,7414928,0,40653,22191
946684800,public,lineitem,lineitem_l_orderkey_l_linenumber_l_shipdate_idx,0,0,0,115855,119246
946684800,public,lineitem,lineitem_l_orderkey_idx,0,0,0,82510,119176
946684800,public,lineitem,pk_lineitem,0,0,0,82510,119176
946684800,public,lineitem,lineitem_l_shipdate_l_suppkey__idx,4,7156330,0,126656,94148
946684800,public,nation,pk_nation,12964,12964,12964,3,12963
946684800,public,region,pk_region,0,0,0,1,0
946684800,pg_catalog,pg_statistic,pg_statistic_relid_att_inh_index,871,502,441,30,1959
946684800,pg_catalog,pg_type,pg_type_typname_nsp_index,194,173,173,37,412
946684800,pg_catalog,pg_type,pg_type_oid_index,2662,2643,2643,22,2803
946684800,pg_toast,pg_toast_2604,pg_toast_2604_index,0,0,0,0,0
946684800,pg_toast,pg_toast_2606,pg_toast_2606_index,0,0,0,0,0
946684800,pg_toast,pg_toast_2609,pg_toast_2609_index,0,0,0,0,0
946684800,pg_toast,pg_toast_1255,pg_toast_1255_index,0,0,0,0,0
946684800,pg_toast,pg_toast_2618,pg_toast_2618_index,111,354,354,18,160
946684800,pg_toast,pg_toast_3596,pg_toast_3596_index,0,0,0,0,0
946684800,pg_toast,pg_toast_2619,pg_toast_2619_index,21,26,26,2,37
946684800,pg_toast,pg_toast_2620,pg_toast_2620_index,0,0,0,0,0
946684800,pg_toast,pg_toast_2396,pg_toast_2396_index,0,0,0,0,0
946684800,pg_toast,pg_toast_2964,pg_toast_2964_index,0,0,0,0,0
946684800,pg_toast,pg_toast_3592,pg_toast_3592_index,0,0,0,0,0
946684800,pg_catalog,pg_authid,pg_authid_oid_index,144,144,144,18,270
946684800,pg_catalog,pg_authid,pg_authid_rolname_index,142,142,142,18,266
946684800,pg_catalog,pg_user_mapping,pg_user_mapping_user_server_index,0,0,0,0,0
946684800,pg_catalog,pg_user_mapping,pg_user_mapping_oid_index,0,0,0,0,0
946684800,pg_catalog,pg_attribute,pg_attribute_relid_attnum_index,5700,11998,11909,84,11884
946684800,pg_catalog,pg_attribute,pg_attribute_relid_attnam_index,41,47,41,4,483
946684800,pg_catalog,pg_proc,pg_proc_proname_args_nsp_index,410,1197,1197,98,853
946684800,pg_catalog,pg_proc,pg_proc_oid_index,1622,1622,1622,95,3285
946684800,pg_catalog,pg_class,pg_class_tblspc_relfilenode_index,0,0,0,10,108
946684800,pg_catalog,pg_class,pg_class_relname_nsp_index,797,488,488,57,1755
946684800,pg_catalog,pg_class,pg_class_oid_index,8987,15505,12969,26,9165
946684800,pg_catalog,pg_attrdef,pg_attrdef_oid_index,0,0,0,0,0
946684800,pg_catalog,pg_attrdef,pg_attrdef_adrelid_adnum_index,0,0,0,0,0
946684800,pg_catalog,pg_constraint,pg_constraint_oid_index,8,0,0,2,21
946684800,pg_catalog,pg_constraint,pg_constraint_contypid_index,0,0,0,2,13
946684800,pg_catalog,pg_constraint,pg_constraint_conrelid_index,0,0,0,2,13
946684800,pg_catalog,pg_constraint,pg_constraint_conname_nsp_index,0,0,0,2,13
946684800,pg_catalog,pg_inherits,pg_inherits_parent_index,0,0,0,0,0
946684800,pg_catalog,pg_inherits,pg_inherits_relid_seqno_index,0,0,0,0,0
946684800,pg_catalog,pg_index,pg_index_indexrelid_index,1103,1103,1103,30,1267
946684800,pg_catalog,pg_index,pg_index_indrelid_index,403,838,830,18,541
946684800,pg_catalog,pg_operator,pg_operator_oprname_l_r_n_index,233,289,289,54,504
946684800,pg_catalog,pg_operator,pg_operator_oid_index,660,501,501,39,1396
946684800,pg_catalog,pg_opfamily,pg_opfamily_oid_index,0,0,0,0,0
946684800,pg_catalog,pg_opfamily,pg_opfamily_am_name_nsp_index,0,0,0,0,0
946684800,pg_catalog,pg_opclass,pg_opclass_oid_index,470,470,470,27,609
946684800,pg_catalog,pg_opclass,pg_opclass_am_name_nsp_index,171,7409,7409,18,235
946684800,pg_catalog,pg_am,pg_am_oid_index,0,0,0,0,0
946684800,pg_catalog,pg_am,pg_am_name_index,0,0,0,0,0
946684800,pg_catalog,pg_amop,pg_amop_oid_index,0,0,0,0,0
946684800,pg_catalog,pg_amop,pg_amop_opr_fam_index,380,947,947,42,831
946684800,pg_catalog,pg_amop,pg_amop_fam_strat_index,623,623,623,27,1318
946684800,pg_catalog,pg_amproc,pg_amproc_oid_index,0,0,0,0,0
946684800,pg_catalog,pg_amproc,pg_amproc_fam_proc_index,599,886,886,43,1321
946684800,pg_catalog,pg_language,pg_language_oid_index,0,0,0,0,0
946684800,pg_catalog,pg_language,pg_language_name_index,0,0,0,0,0
946684800,pg_catalog,pg_largeobject_metadata,pg_largeobject_metadata_oid_index,0,0,0,0,0
946684800,pg_catalog,pg_largeobject,pg_largeobject_loid_pn_index,0,0,0,0,0
946684800,pg_catalog,pg_aggregate,pg_aggregate_fnoid_index,50,50,50,23,65
946684800,pg_catalog,pg_rewrite,pg_rewrite_rel_rulename_index,156,156,156,18,250
946684800,pg_catalog,pg_rewrite,pg_rewrite_oid_index,0,0,0,0,0
946684800,pg_catalog,pg_trigger,pg_trigger_oid_index,0,0,0,0,0
946684800,pg_catalog,pg_trigger,pg_trigger_tgrelid_tgname_index,0,0,0,0,0
946684800,pg_catalog,pg_trigger,pg_trigger_tgconstraint_index,0,0,0,0,0
946684800,pg_catalog,pg_event_trigger,pg_event_trigger_oid_index,0,0,0,0,0
946684800,pg_catalog,pg_event_trigger,pg_event_trigger_evtname_index,13,0,0,1,12
946684800,pg_catalog,pg_description,pg_description_o_c_o_index,0,0,0,0,0
946684800,pg_catalog,pg_cast,pg_cast_source_target_index,2335,783,783,18,2444
946684800,pg_catalog,pg_cast,pg_cast_oid_index,0,0,0,0,0
946684800,pg_catalog,pg_enum,pg_enum_typid_sortorder_index,0,0,0,0,0
946684800,pg_catalog,pg_enum,pg_enum_typid_label_index,0,0,0,0,0
946684800,pg_catalog,pg_enum,pg_enum_oid_index,0,0,0,0,0
946684800,pg_catalog,pg_namespace,pg_namespace_oid_index,742,742,742,15,799
946684800,pg_catalog,pg_namespace,pg_namespace_nspname_index,413,272,272,20,535
946684800,pg_catalog,pg_conversion,pg_conversion_oid_index,0,0,0,0,0
946684800,pg_catalog,pg_conversion,pg_conversion_name_nsp_index,0,0,0,0,0
946684800,pg_catalog,pg_conversion,pg_conversion_default_index,0,0,0,0,0
946684800,pg_catalog,pg_depend,pg_depend_reference_index,324,323,321,17,826
946684800,pg_catalog,pg_depend,pg_depend_depender_index,0,0,0,6,192
946684800,pg_catalog,pg_db_role_setting,pg_db_role_setting_databaseid_rol_index,744,0,0,11,733
946684800,pg_catalog,pg_tablespace,pg_tablespace_spcname_index,0,0,0,0,0
946684800,pg_catalog,pg_tablespace,pg_tablespace_oid_index,117,117,117,16,218
946684800,pg_catalog,pg_pltemplate,pg_pltemplate_name_index,0,0,0,0,0
946684800,pg_catalog,pg_auth_members,pg_auth_members_member_role_index,0,0,0,0,0
946684800,pg_catalog,pg_auth_members,pg_auth_members_role_member_index,0,0,0,0,0
946684800,pg_catalog,pg_shdepend,pg_shdepend_reference_index,11,11,11,2,11
946684800,pg_catalog,pg_shdepend,pg_shdepend_depender_index,1,0,0,2,0
946684800,pg_catalog,pg_shdescription,pg_shdescription_o_c_index,0,0,0,0,0
946684800,pg_catalog,pg_ts_config,pg_ts_config_oid_index,0,0,0,0,0
946684800,pg_catalog,pg_ts_config,pg_ts_config_cfgname_index,0,0,0,0,0
946684800,pg_catalog,pg_ts_config_map,pg_ts_config_map_index,0,0,0,0,0
946684800,pg_catalog,pg_ts_dict,pg_ts_dict_oid_index,0,0,0,0,0
946684800,pg_catalog,pg_ts_dict,pg_ts_dict_dictname_index,0,0,0,0,0
946684800,pg_catalog,pg_ts_parser,pg_ts_parser_oid_index,0,0,0,0,0
946684800,pg_catalog,pg_ts_parser,pg_ts_parser_prsname_index,0,0,0,0,0
946684800,pg_catalog,pg_ts_template,pg_ts_template_oid_index,0,0,0,0,0
946684800,pg_catalog,pg_ts_template,pg_ts_template_tmplname_index,0,0,0,0,0
946684800,pg_catalog,pg_extension,pg_extension_name_index,0,0,0,0,0
946684800,pg_catalog,pg_extension,pg_extension_oid_index,0,0,0,0,0
946684800,pg_catalog,pg_foreign_data_wrapper,pg_foreign_data_wrapper_name_index,0,0,0,0,0
946684800,pg_catalog,pg_foreign_data_wrapper,pg_foreign_data_wrapper_oid_index,0,0,0,0,0
946684800,pg_catalog,pg_foreign_server,pg_foreign_server_name_index,0,0,0,0,0
946684800,pg_catalog,pg_foreign_server,pg_foreign_server_oid_index,0,0,0,0,0
946684800,pg_catalog,pgxc_class,pgxc_class_pcrelid_index,0,0,0,0,0
946684800,pg_catalog,pgxc_node,pgxc_node_id_index,2,0,0,2,3
946684800,pg_catalog,pgxc_node,pgxc_node_name_index,178,176,176,18,304
946684800,pg_catalog,pgxc_node,pgxc_node_oid_index,287,285,285,18,414
946684800,pg_catalog,pgxc_group,pgxc_group_oid,0,0,0,0,0
946684800,pg_catalog,pgxc_group,pgxc_group_name_index,0,0,0,0,0
946684800,pg_catalog,pg_foreign_table,pg_foreign_table_relid_index,0,0,0,0,0
946684800,pg_catalog,pg_policy,pg_policy_polrelid_polname_index,0,0,0,0,0
946684800,pg_catalog,pg_policy,pg_policy_oid_index,0,0,0,0,0
946684800,pg_catalog,pg_replication_origin,pg_replication_origin_roname_index,0,0,0,0,0
946684800,pg_catalog,pg_replication_origin,pg_replication_origin_roiident_index,0,0,0,0,0
946684800,pg_catalog,pg_tablesample_method,pg_tablesample_method_oid_index,0,0,0,0,0
946684800,pg_catalog,pg_tablesample_method,pg_tablesample_method_name_index,0,0,0,0,0
946684800,pg_catalog,pg_default_acl,pg_default_acl_oid_index,0,0,0,0,0
946684800,pg_catalog,pg_default_acl,pg_default_acl_role_nsp_obj_index,6,0,0,1,5
946684800,pg_catalog,pg_seclabel,pg_seclabel_object_index,0,0,0,0,0
946684800,pg_catalog,pg_shseclabel,pg_shseclabel_object_index,0,0,0,0,0
946684800,pg_catalog,pg_collation,pg_collation_oid_index,14,14,14,18,24
946684800,pg_catalog,pg_collation,pg_collation_name_enc_nsp_index,18,18,18,27,27
946684800,pg_catalog,pg_range,pg_range_rngtypid_index,0,0,0,0,0
946684800,pg_catalog,pg_transform,pg_transform_type_lang_index,0,0,0,0,0
946684800,pg_catalog,pg_transform,pg_transform_oid_index,0,0,0,0,0
946684800,pg_toast,pg_toast_13078,pg_toast_13078_index,0,0,0,0,0
946684800,pg_toast,pg_toast_13083,pg_toast_13083_index,0,0,0,0,0
946684800,pg_toast,pg_toast_13088,pg_toast_13088_index,0,0,0,0,0
946684800,pg_toast,pg_toast_13093,pg_toast_13093_index,0,0,0,0,0
946684800,pg_toast,pg_toast_13098,pg_toast_13098_index,0,0,0,0,0
946684800,pg_toast,pg_toast_13103,pg_toast_13103_index,0,0,0,0,0
946684800,pg_toast,pg_toast_13108,pg_toast_13108_index,0,0,0,0,0
