ctime,schemaname,relname,seq_scan,seq_tup_read,idx_scan,idx_tup_fetch,n_tup_ins,n_tup_upd,n_tup_del,n_tup_hot_upd,n_live_tup,n_dead_tup,heap_blks_read,heap_blks_hit,idx_blks_read,idx_blks_hit,toast_blks_read,toast_blks_hit,tidx_blks_read,tidx_blks_hit
946684800,pg_catalog,pg_attrdef,0,0,0,0,0,0,0,0,0,0,0,0,0,0,0,0,0,0
946684800,pg_catalog,pg_db_role_setting,0,0,768,0,0,0,0,0,0,0,0,0,14,754,0,0,0,0
946684800,pg_catalog,pg_tablesample_method,0,0,0,0,0,0,0,0,0,0,0,0,0,0,,,,
946684800,pg_catalog,pg_description,0,0,0,0,0,0,0,0,0,0,0,0,0,0,0,0,0,0
946684800,pg_catalog,pg_foreign_data_wrapper,0,0,0,0,0,0,0,0,0,0,0,0,0,0,,,,
946684800,pg_catalog,pg_conversion,0,0,0,0,0,0,0,0,0,0,0,0,0,0,,,,
946684800,information_schema,sql_packages,0,0,,,0,0,0,0,0,0,0,0,,,0,0,0,0
946684800,public,supplier,10,900000,12698,130613,100000,0,0,0,100000,0,22305,35193,1166,25176,,,,
946684800,pg_toast,pg_toast_13103,0,0,0,0,0,0,0,0,0,0,0,0,0,0,,,,
946684800,pg_catalog,pg_class,248,69206,9953,13755,40,0,0,0,40,0,196,12638,107,11242,,,,
946684800,pg_catalog,pg_opfamily,0,0,0,0,0,0,0,0,0,0,0,0,0,0,,,,
946684800,pg_catalog,pg_auth_members,0,0,0,0,0,0,0,0,0,0,0,0,0,0,,,,
946684800,pg_catalog,pg_operator,0,0,912,807,0,0,0,0,0,0,76,713,103,1932,,,,
946684800,pg_catalog,pg_attribute,33,225,5734,11414,197,10,0,3,197,7,283,6526,107,12375,,,,
946684800,pg_toast,pg_toast_13098,0,0,0,0,0,0,0,0,0,0,0,0,0,0,,,,
946684800,pg_catalog,pg_tablespace,2,4,123,123,0,0,0,0,0,0,10,115,20,226,,,,
946684800,pg_catalog,pgxc_group,0,0,0,0,0,0,0,0,0,0,0,0,0,0,,,,
946684800,pg_toast,pg_toast_3592,0,0,0,0,0,0,0,0,0,0,0,0,0,0,,,,
946684800,pg_catalog,pg_statistic,0,0,932,528,64,0,0,0,64,0,61,528,38,2079,12,51,4,41
946684800,pg_catalog,pg_aggregate,0,0,52,52,0,0,0,0,0,0,16,36,26,65,,,,
946684800,pg_catalog,pg_inherits,0,0,0,0,0,0,0,0,0,0,0,0,0,0,,,,
946684800,pg_catalog,pg_policy,0,0,0,0,0,0,0,0,0,0,0,0,0,0,,,,
946684800,public,partsupp,5,19986040,46886,1325674,3997208,0,0,0,3997261,0,935739,1290424,52187,114260,,,,
946684800,pg_catalog,pg_enum,0,0,0,0,0,0,0,0,0,0,0,0,0,0,,,,
946684800,pg_catalog,pg_replication_origin,0,0,0,0,0,0,0,0,0,0,0,0,0,0,,,,
946684800,pg_toast,pg_toast_2396,0,0,0,0,0,0,0,0,0,0,0,0,0,0,,,,
946684800,pg_catalog,pg_pltemplate,0,0,0,0,0,0,0,0,0,0,0,0,0,0,,,,
946684800,pg_toast,pg_toast_2618,0,0,115,368,0,0,0,0,0,0,54,130,18,166,,,,
946684800,pg_toast,pg_toast_3596,0,0,0,0,0,0,0,0,0,0,0,0,0,0,,,,
946684800,pg_temp_11,tmp_orderkey2,3,22287,0,0,7429,0,0,0,7429,0,33,132,0,0,,,,
946684800,public,lineitem,16,414442698,415213,41071030,30010877,0,29704,0,29981178,29704,12072768,2971238,885612,1882546,,,,
946684800,pg_toast,pg_toast_2606,0,0,0,0,0,0,0,0,0,0,0,0,0,0,,,,
946684800,information_schema,sql_sizing,0,0,,,0,0,0,0,0,0,0,0,,,0,0,0,0
946684800,pg_catalog,pg_transform,0,0,0,0,0,0,0,0,0,0,0,0,0,0,,,,
946684800,pg_toast,pg_toast_2964,0,0,0,0,0,0,0,0,0,0,0,0,0,0,,,,
946684800,pg_catalog,pg_database,78,300,941,939,1,0,0,0,1,0,17,1028,56,1269,,,,
946684800,pg_toast,pg_toast_2620,0,0,0,0,0,0,0,0,0,0,0,0,0,0,,,,
946684800,pg_catalog,pg_depend,0,0,340,334,94,0,0,0,94,0,29,427,37,1055,,,,
946684800,pg_catalog,pg_language,0,0,0,0,0,0,0,0,0,0,0,0,0,0,,,,
946684800,pg_catalog,pg_amproc,6,12,611,908,0,0,0,0,0,0,25,599,47,1347,,,,
946684800,public,customer,11,16500000,22,1064317,1500000,0,0,0,1499967,0,491645,255422,24611,561,,,,
946684800,public,nation,15,375,12692,12692,25,0,0,0,25,0,13,12704,3,12691,,,,
946684800,pg_catalog,pgxc_node,151,449,485,479,2,1,0,1,2,1,15,622,46,741,,,,
946684800,pg_toast,pg_toast_13088,0,0,0,0,0,0,0,0,0,0,0,0,0,0,,,,
946684800,pg_catalog,pg_collation,0,0,32,32,0,0,0,0,0,0,10,22,48,48,,,,
946684800,pg_catalog,pg_range,0,0,0,0,0,0,0,0,0,0,0,0,0,0,,,,
946684800,pg_toast,pg_toast_2609,0,0,0,0,0,0,0,0,0,0,0,0,0,0,,,,
946684800,information_schema,sql_languages,0,0,,,0,0,0,0,0,0,0,0,,,0,0,0,0
946684800,pg_catalog,pg_opclass,6,6,640,7878,0,0,0,0,0,0,35,2756,50,846,,,,
946684800,public,orders,10,75010904,291619,4280093,7504094,0,7429,0,7496601,7429,2011263,717603,91336,925567,,,,
946684800,pg_catalog,pg_rewrite,0,0,161,161,0,0,0,0,0,0,45,116,18,258,54,130,36,332
946684800,pg_toast,pg_toast_1255,0,0,0,0,0,0,0,0,0,0,0,0,0,0,,,,
946684800,pg_catalog,pg_seclabel,0,0,0,0,0,0,0,0,0,0,0,0,0,0,0,0,0,0
946684800,pg_toast,pg_toast_13093,0,0,0,0,0,0,0,0,0,0,0,0,0,0,,,,
946684800,pg_catalog,pg_ts_parser,0,0,0,0,0,0,0,0,0,0,0,0,0,0,,,,
946684800,pg_catalog,pg_trigger,0,0,0,0,0,0,0,0,0,0,0,0,0,0,0,0,0,0
946684800,information_schema,sql_sizing_profiles,0,0,,,0,0,0,0,0,0,0,0,,,0,0,0,0
946684800,pg_catalog,pg_event_trigger,0,0,14,0,0,0,0,0,0,0,0,0,2,12,,,,
946684800,public,part,9,8781067,26,1169744,999302,0,0,0,999302,0,236940,113110,28259,848,,,,
946684800,pg_catalog,pg_foreign_table,0,0,0,0,0,0,0,0,0,0,0,0,0,0,,,,
946684800,public,region,6419,32095,0,0,5,0,0,0,5,0,8,6421,1,0,,,,
946684800,pg_catalog,pg_shseclabel,0,0,0,0,0,0,0,0,0,0,0,0,0,0,0,0,0,0
946684800,pg_catalog,pg_extension,0,0,0,0,0,0,0,0,0,0,0,0,0,0,,,,
946684800,information_schema,sql_parts,0,0,,,0,0,0,0,0,0,0,0,,,0,0,0,0
946684800,pg_catalog,pg_ts_config,0,0,0,0,0,0,0,0,0,0,0,0,0,0,,,,
946684800,information_schema,sql_features,0,0,,,0,0,0,0,0,0,0,0,,,0,0,0,0
946684800,pg_catalog,pg_shdescription,0,0,0,0,0,0,0,0,0,0,0,0,0,0,0,0,0,0
946684800,pg_catalog,pg_cast,0,0,2337,799,0,0,0,0,0,0,12,787,20,2447,,,,
946684800,pg_catalog,pg_amop,0,0,1024,1610,0,0,0,0,0,0,52,1558,75,2189,,,,
946684800,pg_catalog,pg_user_mapping,0,0,0,0,0,0,0,0,0,0,0,0,0,0,,,,
946684800,pg_toast,pg_toast_13083,0,0,0,0,0,0,0,0,0,0,0,0,0,0,,,,
946684800,pg_catalog,pg_type,0,0,2929,2885,21,0,0,0,21,0,55,2861,68,3299,,,,
946684800,public,time_statistics,26,180,,,14,14,0,14,14,14,13,40,,,,,,
946684800,pg_catalog,pg_largeobject,0,0,0,0,0,0,0,0,0,0,0,0,0,0,,,,
946684800,information_schema,sql_implementation_info,0,0,,,0,0,0,0,0,0,0,0,,,0,0,0,0
946684800,pg_catalog,pg_ts_config_map,0,0,0,0,0,0,0,0,0,0,0,0,0,0,,,,
946684800,pg_catalog,pg_largeobject_metadata,0,0,0,0,0,0,0,0,0,0,0,0,0,0,,,,
946684800,pg_catalog,pg_am,187,187,0,0,0,0,0,0,0,0,15,172,0,0,,,,
946684800,pg_catalog,pg_ts_template,0,0,0,0,0,0,0,0,0,0,0,0,0,0,,,,
946684800,pg_catalog,pg_foreign_server,0,0,0,0,0,0,0,0,0,0,0,0,0,0,,,,
946684800,pg_catalog,pg_namespace,250,1180,1165,1016,2,0,0,0,2,0,15,1175,39,1350,,,,
946684800,pg_toast,pg_toast_2619,0,0,22,28,17,0,0,0,17,0,12,51,4,41,,,,
946684800,pg_catalog,pg_authid,27,27,295,295,0,0,0,0,0,0,11,311,44,546,,,,
946684800,pg_catalog,pgxc_class,0,0,0,0,0,0,0,0,0,0,0,0,0,0,,,,
946684800,pg_catalog,pg_default_acl,0,0,10,0,0,0,0,0,0,0,0,0,2,8,,,,
946684800,pg_catalog,pg_shdepend,0,0,15,14,0,0,0,0,0,0,2,12,6,13,,,,
946684800,pg_catalog,pg_constraint,0,0,8,0,8,0,0,0,8,0,5,25,8,60,0,0,0,0
946684800,pg_toast,pg_toast_13078,0,0,0,0,0,0,0,0,0,0,0,0,0,0,,,,
946684800,pg_catalog,pg_index,136,17171,1397,1840,29,0,0,0,29,0,74,1976,55,1704,,,,
946684800,pg_toast,pg_toast_2604,0,0,0,0,0,0,0,0,0,0,0,0,0,0,,,,
946684800,pg_catalog,pg_ts_dict,0,0,0,0,0,0,0,0,0,0,0,0,0,0,,,,
946684800,pg_toast,pg_toast_13108,0,0,0,0,0,0,0,0,0,0,0,0,0,0,,,,
946684800,pg_catalog,pg_proc,0,0,2115,2923,0,0,0,0,0,0,206,2257,215,4289,0,0,0,0
946684800,pg_catalog,pg_attrdef,0,0,0,0,0,0,0,0,0,0,0,0,0,0,0,0,0,0
946684800,pg_catalog,pg_db_role_setting,0,0,844,0,0,0,0,0,0,0,0,0,18,826,0,0,0,0
946684800,pg_catalog,pg_tablesample_method,0,0,0,0,0,0,0,0,0,0,0,0,0,0,,,,
946684800,pg_catalog,pg_description,0,0,0,0,0,0,0,0,0,0,0,0,0,0,0,0,0,0
946684800,pg_catalog,pg_foreign_data_wrapper,0,0,0,0,0,0,0,0,0,0,0,0,0,0,,,,
946684800,pg_catalog,pg_conversion,0,0,0,0,0,0,0,0,0,0,0,0,0,0,,,,
946684800,information_schema,sql_packages,0,0,,,0,0,0,0,0,0,0,0,,,0,0,0,0
946684800,public,supplier,10,900000,12701,134779,100000,0,0,0,100000,0,24218,35249,1182,25178,,,,
946684800,pg_toast,pg_toast_13103,0,0,0,0,0,0,0,0,0,0,0,0,0,0,,,,
946684800,pg_catalog,pg_class,260,73234,10912,14839,42,0,0,0,42,0,238,13656,136,12339,,,,
946684800,pg_catalog,pg_opfamily,0,0,0,0,0,0,0,0,0,0,0,0,0,0,,,,
946684800,pg_catalog,pg_auth_members,0,0,0,0,0,0,0,0,0,0,0,0,0,0,,,,
946684800,pg_catalog,pg_operator,0,0,1021,913,0,0,0,0,0,0,93,802,127,2158,,,,
946684800,pg_temp_4,tmp_orderkey3,1,7559,2,15118,7559,0,0,0,7559,0,34,136,23,22,,,,
946684800,pg_catalog,pg_attribute,33,225,6190,12347,206,10,0,3,206,7,340,6971,128,13320,,,,
946684800,pg_toast,pg_toast_13098,0,0,0,0,0,0,0,0,0,0,0,0,0,0,,,,
946684800,pg_catalog,pg_tablespace,2,4,130,130,0,0,0,0,0,0,13,119,26,234,,,,
946684800,pg_catalog,pgxc_group,0,0,0,0,0,0,0,0,0,0,0,0,0,0,,,,
946684800,pg_toast,pg_toast_3592,0,0,0,0,0,0,0,0,0,0,0,0,0,0,,,,
946684800,pg_catalog,pg_statistic,0,0,1053,579,65,0,0,0,65,0,83,563,51,2321,14,55,6,46
946684800,pg_catalog,pg_aggregate,0,0,64,64,0,0,0,0,0,0,18,46,30,83,,,,
946684800,pg_catalog,pg_inherits,0,0,0,0,0,0,0,0,0,0,0,0,0,0,,,,
946684800,pg_catalog,pg_policy,0,0,0,0,0,0,0,0,0,0,0,0,0,0,,,,
946684800,public,partsupp,6,23983248,46886,1325674,3997208,0,0,0,3997261,0,1021155,1290424,52187,114260,,,,
946684800,pg_catalog,pg_enum,0,0,0,0,0,0,0,0,0,0,0,0,0,0,,,,
946684800,pg_catalog,pg_replication_origin,0,0,0,0,0,0,0,0,0,0,0,0,0,0,,,,
946684800,pg_toast,pg_toast_2396,0,0,0,0,0,0,0,0,0,0,0,0,0,0,,,,
946684800,pg_catalog,pg_pltemplate,0,0,0,0,0,0,0,0,0,0,0,0,0,0,,,,
946684800,pg_toast,pg_toast_2618,0,0,122,390,0,0,0,0,0,0,61,134,22,173,,,,
946684800,pg_toast,pg_toast_3596,0,0,0,0,0,0,0,0,0,0,0,0,0,0,,,,
946684800,pg_temp_11,tmp_orderkey2,3,22287,0,0,7429,0,0,0,7429,0,33,132,0,0,,,,
946684800,public,lineitem,18,449324521,421160,46090436,30019052,0,59999,0,29950883,68174,13379525,3085158,971417,2075393,,,,
946684800,pg_toast,pg_toast_2606,0,0,0,0,0,0,0,0,0,0,0,0,0,0,,,,
946684800,information_schema,sql_sizing,0,0,,,0,0,0,0,0,0,0,0,,,0,0,0,0
946684800,pg_catalog,pg_transform,0,0,0,0,0,0,0,0,0,0,0,0,0,0,,,,
946684800,pg_toast,pg_toast_2964,0,0,0,0,0,0,0,0,0,0,0,0,0,0,,,,
946684800,pg_catalog,pg_database,82,310,1003,1001,1,0,0,0,1,0,21,1091,72,1352,,,,
946684800,pg_toast,pg_toast_2620,0,0,0,0,0,0,0,0,0,0,0,0,0,0,,,,
946684800,pg_catalog,pg_depend,0,0,357,368,98,0,0,0,98,0,40,438,53,1091,,,,
946684800,pg_catalog,pg_language,0,0,0,0,0,0,0,0,0,0,0,0,0,0,,,,
946684800,pg_catalog,pg_amproc,6,12,687,1025,0,0,0,0,0,0,27,672,54,1510,,,,
946684800,public,customer,11,16500000,23,1364593,1500000,0,0,0,1499967,0,526922,255422,25766,561,,,,
946684800,public,nation,16,400,12692,12692,25,0,0,0,25,0,14,12704,3,12691,,,,
946684800,pg_catalog,pgxc_node,169,503,547,541,2,1,0,1,2,1,18,699,62,820,,,,
946684800,pg_toast,pg_toast_13088,0,0,0,0,0,0,0,0,0,0,0,0,0,0,,,,
946684800,pg_catalog,pg_collation,0,0,50,50,0,0,0,0,0,0,13,37,60,90,,,,
946684800,pg_catalog,pg_range,0,0,0,0,0,0,0,0,0,0,0,0,0,0,,,,
946684800,pg_toast,pg_toast_2609,0,0,0,0,0,0,0,0,0,0,0,0,0,0,,,,
946684800,information_schema,sql_languages,0,0,,,0,0,0,0,0,0,0,0,,,0,0,0,0
946684800,pg_catalog,pg_opclass,6,6,708,8323,0,0,0,0,0,0,41,2933,60,928,,,,
946684800,public,orders,11,82507569,291620,4302678,7504094,0,14988,0,7489042,14988,2138238,729099,91441,925627,,,,
946684800,pg_catalog,pg_rewrite,0,0,172,172,0,0,0,0,0,0,54,118,22,273,61,134,44,346
946684800,pg_toast,pg_toast_1255,0,0,0,0,0,0,0,0,0,0,0,0,0,0,,,,
946684800,pg_catalog,pg_seclabel,0,0,0,0,0,0,0,0,0,0,0,0,0,0,0,0,0,0
946684800,pg_toast,pg_toast_13093,0,0,0,0,0,0,0,0,0,0,0,0,0,0,,,,
946684800,pg_catalog,pg_ts_parser,0,0,0,0,0,0,0,0,0,0,0,0,0,0,,,,
946684800,pg_catalog,pg_trigger,0,0,0,0,0,0,0,0,0,0,0,0,0,0,0,0,0,0
946684800,information_schema,sql_sizing_profiles,0,0,,,0,0,0,0,0,0,0,0,,,0,0,0,0
946684800,pg_catalog,pg_event_trigger,0,0,15,0,0,0,0,0,0,0,0,0,3,12,,,,
946684800,public,part,10,9780369,35,1330166,999302,0,0,0,999302,0,277430,114061,28720,859,,,,
946684800,pg_catalog,pg_foreign_table,0,0,0,0,0,0,0,0,0,0,0,0,0,0,,,,
946684800,public,region,6419,32095,0,0,5,0,0,0,5,0,8,6421,1,0,,,,
946684800,pg_catalog,pg_shseclabel,0,0,0,0,0,0,0,0,0,0,0,0,0,0,0,0,0,0
946684800,pg_catalog,pg_extension,0,0,0,0,0,0,0,0,0,0,0,0,0,0,,,,
946684800,information_schema,sql_parts,0,0,,,0,0,0,0,0,0,0,0,,,0,0,0,0
946684800,pg_catalog,pg_ts_config,0,0,0,0,0,0,0,0,0,0,0,0,0,0,,,,
946684800,information_schema,sql_features,0,0,,,0,0,0,0,0,0,0,0,,,0,0,0,0
946684800,pg_catalog,pg_shdescription,0,0,0,0,0,0,0,0,0,0,0,0,0,0,0,0,0,0
946684800,pg_catalog,pg_cast,0,0,2468,851,0,0,0,0,0,0,15,836,25,2582,,,,
946684800,pg_catalog,pg_amop,0,0,1123,1768,0,0,0,0,0,0,65,1703,96,2390,,,,
946684800,pg_toast,pg_toast_13083,0,0,0,0,0,0,0,0,0,0,0,0,0,0,,,,
946684800,pg_catalog,pg_user_mapping,0,0,0,0,0,0,0,0,0,0,0,0,0,0,,,,
946684800,pg_catalog,pg_type,0,0,3265,3217,23,0,0,0,23,0,72,3181,88,3739,,,,
946684800,public,time_statistics,34,331,,,20,16,0,16,20,16,16,53,,,,,,
946684800,pg_catalog,pg_largeobject,0,0,0,0,0,0,0,0,0,0,0,0,0,0,,,,
946684800,information_schema,sql_implementation_info,0,0,,,0,0,0,0,0,0,0,0,,,0,0,0,0
946684800,pg_catalog,pg_ts_config_map,0,0,0,0,0,0,0,0,0,0,0,0,0,0,,,,
946684800,pg_catalog,pg_largeobject_metadata,0,0,0,0,0,0,0,0,0,0,0,0,0,0,,,,
946684800,pg_catalog,pg_am,205,205,0,0,0,0,0,0,0,0,18,187,0,0,,,,
946684800,pg_catalog,pg_ts_template,0,0,0,0,0,0,0,0,0,0,0,0,0,0,,,,
946684800,pg_catalog,pg_foreign_server,0,0,0,0,0,0,0,0,0,0,0,0,0,0,,,,
946684800,pg_catalog,pg_namespace,264,1269,1248,1076,4,0,0,0,4,0,22,1242,54,1453,,,,
946684800,pg_toast,pg_toast_2619,0,0,25,34,20,0,0,0,20,0,14,55,6,46,,,,
946684800,pg_catalog,pg_authid,30,30,329,329,0,0,0,0,0,0,15,344,60,598,,,,
946684800,pg_catalog,pgxc_class,0,0,0,0,0,0,0,0,0,0,0,0,0,0,,,,
946684800,pg_catalog,pg_default_acl,0,0,14,0,0,0,0,0,0,0,0,0,3,11,,,,
946684800,pg_catalog,pg_shdepend,0,0,18,17,0,0,0,0,0,0,3,14,8,15,,,,
946684800,pg_catalog,pg_constraint,0,0,8,0,8,0,0,0,8,0,5,25,8,60,0,0,0,0
946684800,pg_toast,pg_toast_13078,0,0,0,0,0,0,0,0,0,0,0,0,0,0,,,,
946684800,pg_catalog,pg_index,143,18272,1516,1999,30,0,0,0,30,0,90,2116,67,1840,,,,
946684800,pg_toast,pg_toast_2604,0,0,0,0,0,0,0,0,0,0,0,0,0,0,,,,
946684800,pg_catalog,pg_ts_dict,0,0,0,0,0,0,0,0,0,0,0,0,0,0,,,,
946684800,pg_toast,pg_toast_13108,0,0,0,0,0,0,0,0,0,0,0,0,0,0,,,,
946684800,pg_catalog,pg_proc,0,0,2337,3201,0,0,0,0,0,0,250,2459,266,4719,0,0,0,0
946684800,pg_catalog,pg_attrdef,0,0,0,0,0,0,0,0,0,0,0,0,0,0,0,0,0,0
946684800,pg_catalog,pg_db_role_setting,0,0,880,0,0,0,0,0,0,0,0,0,18,862,0,0,0,0
946684800,pg_catalog,pg_tablesample_method,0,0,0,0,0,0,0,0,0,0,0,0,0,0,,,,
946684800,pg_catalog,pg_description,0,0,0,0,0,0,0,0,0,0,0,0,0,0,0,0,0,0
946684800,pg_catalog,pg_foreign_data_wrapper,0,0,0,0,0,0,0,0,0,0,0,0,0,0,,,,
946684800,pg_catalog,pg_conversion,0,0,0,0,0,0,0,0,0,0,0,0,0,0,,,,
946684800,information_schema,sql_packages,0,0,,,0,0,0,0,0,0,0,0,,,0,0,0,0
946684800,public,supplier,11,1000000,12701,134779,100000,0,0,0,100000,0,26398,35249,1182,25178,,,,
946684800,pg_toast,pg_toast_13103,0,0,0,0,0,0,0,0,0,0,0,0,0,0,,,,
946684800,pg_catalog,pg_class,266,75088,11067,15228,44,0,0,0,44,0,246,13933,142,12564,,,,
946684800,pg_catalog,pg_opfamily,0,0,0,0,0,0,0,0,0,0,0,0,0,0,,,,
946684800,pg_catalog,pg_auth_members,0,0,0,0,0,0,0,0,0,0,0,0,0,0,,,,
946684800,pg_catalog,pg_operator,0,0,1078,970,0,0,0,0,0,0,97,855,132,2276,,,,
946684800,pg_temp_4,tmp_orderkey3,1,7559,2,15118,7559,0,0,0,7559,0,34,136,23,22,,,,
946684800,pg_catalog,pg_attribute,33,225,6389,12783,215,10,0,3,215,7,356,7182,134,13757,,,,
946684800,pg_toast,pg_toast_13098,0,0,0,0,0,0,0,0,0,0,0,0,0,0,,,,
946684800,pg_catalog,pg_tablespace,2,4,136,136,0,0,0,0,0,0,14,124,28,244,,,,
946684800,pg_catalog,pgxc_group,0,0,0,0,0,0,0,0,0,0,0,0,0,0,,,,
946684800,pg_toast,pg_toast_3592,0,0,0,0,0,0,0,0,0,0,0,0,0,0,,,,
946684800,pg_catalog,pg_statistic,0,0,1106,598,66,0,0,0,66,0,89,580,52,2431,17,59,7,50
946684800,pg_catalog,pg_aggregate,0,0,67,67,0,0,0,0,0,0,20,47,34,85,,,,
946684800,pg_catalog,pg_inherits,0,0,0,0,0,0,0,0,0,0,0,0,0,0,,,,
946684800,pg_catalog,pg_policy,0,0,0,0,0,0,0,0,0,0,0,0,0,0,,,,
946684800,public,partsupp,6,23983248,46886,1325674,3997208,0,0,0,3997261,0,1021155,1290424,52187,114260,,,,
946684800,pg_catalog,pg_enum,0,0,0,0,0,0,0,0,0,0,0,0,0,0,,,,
946684800,pg_temp_2,tmp_orderkey4,3,22230,0,0,7410,0,0,0,7410,0,33,132,0,0,,,,
946684800,pg_catalog,pg_replication_origin,0,0,0,0,0,0,0,0,0,0,0,0,0,0,,,,
946684800,pg_toast,pg_toast_2396,0,0,0,0,0,0,0,0,0,0,0,0,0,0,,,,
946684800,pg_catalog,pg_pltemplate,0,0,0,0,0,0,0,0,0,0,0,0,0,0,,,,
946684800,pg_toast,pg_toast_2618,0,0,125,400,0,0,0,0,0,0,66,134,22,178,,,,
946684800,pg_toast,pg_toast_3596,0,0,0,0,0,0,0,0,0,0,0,0,0,0,,,,
946684800,pg_temp_11,tmp_orderkey2,3,22287,0,0,7429,0,0,0,7429,0,33,132,0,0,,,,
946684800,public,lineitem,21,496538278,438217,46795652,30042134,0,89491,0,29921391,120748,14248032,3155764,1040440,2628658,,,,
946684800,pg_toast,pg_toast_2606,0,0,0,0,0,0,0,0,0,0,0,0,0,0,,,,
946684800,information_schema,sql_sizing,0,0,,,0,0,0,0,0,0,0,0,,,0,0,0,0
946684800,pg_catalog,pg_transform,0,0,0,0,0,0,0,0,0,0,0,0,0,0,,,,
946684800,pg_toast,pg_toast_2964,0,0,0,0,0,0,0,0,0,0,0,0,0,0,,,,
946684800,pg_catalog,pg_database,85,322,1045,1043,1,0,0,0,1,0,22,1136,72,1412,,,,
946684800,pg_toast,pg_toast_2620,0,0,0,0,0,0,0,0,0,0,0,0,0,0,,,,
946684800,pg_catalog,pg_depend,0,0,374,402,102,0,0,0,102,0,48,452,65,1131,,,,
946684800,pg_catalog,pg_language,0,0,0,0,0,0,0,0,0,0,0,0,0,0,,,,
946684800,pg_catalog,pg_amproc,6,12,722,1077,0,0,0,0,0,0,27,707,55,1587,,,,
946684800,public,customer,14,21000000,23,1364593,1500000,0,0,0,1499967,0,632722,255456,25766,561,,,,
946684800,public,nation,18,450,12692,12692,25,0,0,0,25,0,16,12704,3,12691,,,,
946684800,pg_catalog,pgxc_node,176,524,574,568,2,1,0,1,2,1,19,732,65,860,,,,
946684800,pg_toast,pg_toast_13088,0,0,0,0,0,0,0,0,0,0,0,0,0,0,,,,
946684800,pg_catalog,pg_collation,0,0,54,54,0,0,0,0,0,0,15,39,69,93,,,,
946684800,pg_catalog,pg_range,0,0,0,0,0,0,0,0,0,0,0,0,0,0,,,,
946684800,pg_toast,pg_toast_2609,0,0,0,0,0,0,0,0,0,0,0,0,0,0,,,,
946684800,information_schema,sql_languages,0,0,,,0,0,0,0,0,0,0,0,,,0,0,0,0
946684800,pg_catalog,pg_opclass,6,6,732,8476,0,0,0,0,0,0,41,2993,61,961,,,,
946684800,public,orders,12,82507570,299032,5732496,7504094,0,22398,0,7481632,22398,2378795,744150,95367,947874,,,,
946684800,pg_catalog,pg_rewrite,0,0,175,175,0,0,0,0,0,0,55,120,22,278,66,134,44,356
946684800,pg_toast,pg_toast_1255,0,0,0,0,0,0,0,0,0,0,0,0,0,0,,,,
946684800,pg_catalog,pg_seclabel,0,0,0,0,0,0,0,0,0,0,0,0,0,0,0,0,0,0
946684800,pg_toast,pg_toast_13093,0,0,0,0,0,0,0,0,0,0,0,0,0,0,,,,
946684800,pg_catalog,pg_ts_parser,0,0,0,0,0,0,0,0,0,0,0,0,0,0,,,,
946684800,pg_catalog,pg_trigger,0,0,0,0,0,0,0,0,0,0,0,0,0,0,0,0,0,0
946684800,information_schema,sql_sizing_profiles,0,0,,,0,0,0,0,0,0,0,0,,,0,0,0,0
946684800,public,part,10,9780369,50,1332519,999302,0,0,0,999302,0,278013,115687,29639,1697,,,,
946684800,pg_catalog,pg_event_trigger,0,0,16,0,0,0,0,0,0,0,0,0,4,12,,,,
946684800,pg_catalog,pg_foreign_table,0,0,0,0,0,0,0,0,0,0,0,0,0,0,,,,
946684800,public,region,6420,32100,0,0,5,0,0,0,5,0,9,6421,1,0,,,,
946684800,pg_catalog,pg_shseclabel,0,0,0,0,0,0,0,0,0,0,0,0,0,0,0,0,0,0
946684800,pg_catalog,pg_extension,0,0,0,0,0,0,0,0,0,0,0,0,0,0,,,,
946684800,information_schema,sql_parts,0,0,,,0,0,0,0,0,0,0,0,,,0,0,0,0
946684800,pg_catalog,pg_ts_config,0,0,0,0,0,0,0,0,0,0,0,0,0,0,,,,
946684800,information_schema,sql_features,0,0,,,0,0,0,0,0,0,0,0,,,0,0,0,0
946684800,pg_catalog,pg_shdescription,0,0,0,0,0,0,0,0,0,0,0,0,0,0,0,0,0,0
946684800,pg_catalog,pg_cast,0,0,2501,869,0,0,0,0,0,0,16,853,25,2618,,,,
946684800,pg_catalog,pg_amop,0,0,1169,1852,0,0,0,0,0,0,67,1785,99,2487,,,,
946684800,pg_toast,pg_toast_13083,0,0,0,0,0,0,0,0,0,0,0,0,0,0,,,,
946684800,pg_catalog,pg_user_mapping,0,0,0,0,0,0,0,0,0,0,0,0,0,0,,,,
946684800,pg_catalog,pg_type,0,0,3378,3326,25,0,0,0,25,0,80,3287,95,3893,,,,
946684800,public,time_statistics,42,512,,,24,21,0,21,24,21,17,69,,,,,,
946684800,pg_catalog,pg_largeobject,0,0,0,0,0,0,0,0,0,0,0,0,0,0,,,,
946684800,information_schema,sql_implementation_info,0,0,,,0,0,0,0,0,0,0,0,,,0,0,0,0
946684800,pg_catalog,pg_ts_config_map,0,0,0,0,0,0,0,0,0,0,0,0,0,0,,,,
946684800,pg_catalog,pg_largeobject_metadata,0,0,0,0,0,0,0,0,0,0,0,0,0,0,,,,
946684800,pg_catalog,pg_am,214,214,0,0,0,0,0,0,0,0,19,195,0,0,,,,
946684800,pg_catalog,pg_ts_template,0,0,0,0,0,0,0,0,0,0,0,0,0,0,,,,
946684800,pg_catalog,pg_foreign_server,0,0,0,0,0,0,0,0,0,0,0,0,0,0,,,,
946684800,pg_catalog,pg_namespace,270,1317,1272,1091,6,0,0,0,6,0,26,1262,56,1488,,,,
946684800,pg_toast,pg_toast_2619,0,0,26,34,23,0,0,0,23,0,17,59,7,50,,,,
946684800,pg_catalog,pg_authid,31,31,343,343,0,0,0,0,0,0,15,359,60,626,,,,
946684800,pg_catalog,pgxc_class,0,0,0,0,0,0,0,0,0,0,0,0,0,0,,,,
946684800,pg_catalog,pg_default_acl,0,0,18,0,0,0,0,0,0,0,0,0,4,14,,,,
946684800,pg_catalog,pg_shdepend,0,0,21,20,0,0,0,0,0,0,4,16,10,17,,,,
946684800,pg_catalog,pg_constraint,0,0,8,0,8,0,0,0,8,0,5,25,8,60,0,0,0,0
946684800,pg_toast,pg_toast_13078,0,0,0,0,0,0,0,0,0,0,0,0,0,0,,,,
946684800,pg_catalog,pg_index,146,18746,1568,2072,31,0,0,0,31,0,91,2184,69,1903,,,,
946684800,pg_toast,pg_toast_2604,0,0,0,0,0,0,0,0,0,0,0,0,0,0,,,,
946684800,pg_catalog,pg_ts_dict,0,0,0,0,0,0,0,0,0,0,0,0,0,0,,,,
946684800,pg_toast,pg_toast_13108,0,0,0,0,0,0,0,0,0,0,0,0,0,0,,,,
946684800,pg_catalog,pg_proc,0,0,2424,3302,0,0,0,0,0,0,262,2540,280,4889,0,0,0,0
946684800,pg_catalog,pg_attrdef,0,0,0,0,0,0,0,0,0,0,0,0,0,0,0,0,0,0
946684800,pg_catalog,pg_db_role_setting,0,0,924,0,0,0,0,0,0,0,0,0,23,901,0,0,0,0
946684800,pg_catalog,pg_tablesample_method,0,0,0,0,0,0,0,0,0,0,0,0,0,0,,,,
946684800,pg_catalog,pg_description,0,0,0,0,0,0,0,0,0,0,0,0,0,0,0,0,0,0
946684800,pg_catalog,pg_foreign_data_wrapper,0,0,0,0,0,0,0,0,0,0,0,0,0,0,,,,
946684800,pg_catalog,pg_conversion,0,0,0,0,0,0,0,0,0,0,0,0,0,0,,,,
946684800,information_schema,sql_packages,0,0,,,0,0,0,0,0,0,0,0,,,0,0,0,0
946684800,public,supplier,15,1300000,25560,159518,100000,0,0,0,100000,0,37980,48616,1500,50684,,,,
946684800,pg_toast,pg_toast_13103,0,0,0,0,0,0,0,0,0,0,0,0,0,0,,,,
946684800,pg_catalog,pg_class,275,78050,11620,15975,44,0,0,0,44,0,284,14571,163,13193,,,,
946684800,pg_catalog,pg_opfamily,0,0,0,0,0,0,0,0,0,0,0,0,0,0,,,,
946684800,pg_catalog,pg_auth_members,0,0,0,0,0,0,0,0,0,0,0,0,0,0,,,,
946684800,pg_catalog,pg_operator,0,0,1151,1043,0,0,0,0,0,0,113,912,157,2409,,,,
946684800,pg_temp_4,tmp_orderkey3,1,7559,2,15118,7559,0,0,0,7559,0,34,136,23,22,,,,
946684800,pg_catalog,pg_attribute,33,225,6656,13354,215,10,0,3,215,7,402,7428,152,14283,,,,
946684800,pg_toast,pg_toast_13098,0,0,0,0,0,0,0,0,0,0,0,0,0,0,,,,
946684800,pg_catalog,pg_tablespace,2,4,141,141,0,0,0,0,0,0,15,128,30,252,,,,
946684800,pg_catalog,pgxc_group,0,0,0,0,0,0,0,0,0,0,0,0,0,0,,,,
946684800,pg_toast,pg_toast_3592,0,0,0,0,0,0,0,0,0,0,0,0,0,0,,,,
946684800,pg_catalog,pg_statistic,0,0,1131,614,66,0,0,0,66,0,93,592,58,2481,17,59,7,50
946684800,pg_catalog,pg_aggregate,0,0,77,77,0,0,0,0,0,0,27,50,44,89,,,,
946684800,pg_catalog,pg_inherits,0,0,0,0,0,0,0,0,0,0,0,0,0,0,,,,
946684800,pg_catalog,pg_policy,0,0,0,0,0,0,0,0,0,0,0,0,0,0,,,,
946684800,public,partsupp,7,23983249,85106,2614622,3997208,0,0,0,3997261,0,1350051,2241195,76557,208250,,,,
946684800,pg_catalog,pg_enum,0,0,0,0,0,0,0,0,0,0,0,0,0,0,,,,
946684800,pg_temp_2,tmp_orderkey4,3,22230,0,0,7410,0,0,0,7410,0,33,132,0,0,,,,
946684800,pg_catalog,pg_replication_origin,0,0,0,0,0,0,0,0,0,0,0,0,0,0,,,,
946684800,pg_toast,pg_toast_2396,0,0,0,0,0,0,0,0,0,0,0,0,0,0,,,,
946684800,pg_catalog,pg_pltemplate,0,0,0,0,0,0,0,0,0,0,0,0,0,0,,,,
946684800,pg_toast,pg_toast_2618,0,0,131,418,0,0,0,0,0,0,74,136,24,186,,,,
946684800,pg_toast,pg_toast_3596,0,0,0,0,0,0,0,0,0,0,0,0,0,0,,,,
946684800,pg_temp_11,tmp_orderkey2,3,22287,0,0,7429,0,0,0,7429,0,33,132,0,0,,,,
946684800,public,lineitem,22,500616078,438221,58729978,30042134,0,89491,0,29921391,120748,15570739,3363816,1083909,2628658,,,,
946684800,pg_toast,pg_toast_2606,0,0,0,0,0,0,0,0,0,0,0,0,0,0,,,,
946684800,information_schema,sql_sizing,0,0,,,0,0,0,0,0,0,0,0,,,0,0,0,0
946684800,pg_catalog,pg_transform,0,0,0,0,0,0,0,0,0,0,0,0,0,0,,,,
946684800,pg_toast,pg_toast_2964,0,0,0,0,0,0,0,0,0,0,0,0,0,0,,,,
946684800,pg_catalog,pg_database,88,334,1093,1091,1,0,0,0,1,0,26,1184,92,1462,,,,
946684800,pg_toast,pg_toast_2620,0,0,0,0,0,0,0,0,0,0,0,0,0,0,,,,
946684800,pg_catalog,pg_depend,0,0,374,402,102,0,0,0,102,0,48,452,65,1131,,,,
946684800,pg_catalog,pg_language,0,0,0,0,0,0,0,0,0,0,0,0,0,0,,,,
946684800,pg_catalog,pg_amproc,6,12,763,1136,0,0,0,0,0,0,31,742,68,1666,,,,
946684800,public,customer,15,22500000,23,1364593,1500000,0,0,0,1499967,0,668000,255456,25766,561,,,,
946684800,public,nation,25,625,25548,25548,25,0,0,0,25,0,18,25565,5,25546,,,,
946684800,pg_catalog,pgxc_node,185,551,602,596,2,1,0,1,2,1,21,767,77,892,,,,
946684800,pg_toast,pg_toast_13088,0,0,0,0,0,0,0,0,0,0,0,0,0,0,,,,
946684800,pg_catalog,pg_collation,0,0,59,59,0,0,0,0,0,0,17,42,81,96,,,,
946684800,pg_catalog,pg_range,0,0,0,0,0,0,0,0,0,0,0,0,0,0,,,,
946684800,pg_toast,pg_toast_2609,0,0,0,0,0,0,0,0,0,0,0,0,0,0,,,,
946684800,information_schema,sql_languages,0,0,,,0,0,0,0,0,0,0,0,,,0,0,0,0
946684800,pg_catalog,pg_opclass,6,6,760,8671,0,0,0,0,0,0,47,3067,72,991,,,,
946684800,public,orders,13,89989266,299032,5732496,7504094,0,22398,0,7481632,22398,2505508,744150,95367,947874,,,,
946684800,pg_catalog,pg_rewrite,0,0,183,183,0,0,0,0,0,0,61,122,24,290,74,136,48,372
946684800,pg_toast,pg_toast_1255,0,0,0,0,0,0,0,0,0,0,0,0,0,0,,,,
946684800,pg_catalog,pg_seclabel,0,0,0,0,0,0,0,0,0,0,0,0,0,0,0,0,0,0
946684800,pg_toast,pg_toast_13093,0,0,0,0,0,0,0,0,0,0,0,0,0,0,,,,
946684800,pg_catalog,pg_ts_parser,0,0,0,0,0,0,0,0,0,0,0,0,0,0,,,,
946684800,pg_catalog,pg_trigger,0,0,0,0,0,0,0,0,0,0,0,0,0,0,0,0,0,0
946684800,information_schema,sql_sizing_profiles,0,0,,,0,0,0,0,0,0,0,0,,,0,0,0,0
946684800,public,part,11,10779671,51,2331821,999302,0,0,0,999302,0,318534,116019,32373,1697,,,,
946684800,pg_catalog,pg_event_trigger,0,0,16,0,0,0,0,0,0,0,0,0,4,12,,,,
946684800,pg_catalog,pg_foreign_table,0,0,0,0,0,0,0,0,0,0,0,0,0,0,,,,
946684800,public,region,12721,63605,0,0,5,0,0,0,5,0,10,12721,1,0,,,,
946684800,pg_catalog,pg_shseclabel,0,0,0,0,0,0,0,0,0,0,0,0,0,0,0,0,0,0
946684800,pg_catalog,pg_extension,0,0,0,0,0,0,0,0,0,0,0,0,0,0,,,,
946684800,information_schema,sql_parts,0,0,,,0,0,0,0,0,0,0,0,,,0,0,0,0
946684800,pg_catalog,pg_ts_config,0,0,0,0,0,0,0,0,0,0,0,0,0,0,,,,
946684800,information_schema,sql_features,0,0,,,0,0,0,0,0,0,0,0,,,0,0,0,0
946684800,pg_catalog,pg_shdescription,0,0,0,0,0,0,0,0,0,0,0,0,0,0,0,0,0,0
946684800,pg_catalog,pg_cast,0,0,2577,902,0,0,0,0,0,0,17,885,27,2698,,,,
946684800,pg_catalog,pg_amop,0,0,1225,1945,0,0,0,0,0,0,79,1866,118,2593,,,,
946684800,pg_toast,pg_toast_13083,0,0,0,0,0,0,0,0,0,0,0,0,0,0,,,,
946684800,pg_catalog,pg_user_mapping,0,0,0,0,0,0,0,0,0,0,0,0,0,0,,,,
946684800,pg_catalog,pg_type,0,0,3551,3499,25,0,0,0,25,0,89,3451,111,4095,,,,
946684800,public,time_statistics,48,668,,,26,24,0,24,26,24,21,76,,,,,,
946684800,pg_catalog,pg_largeobject,0,0,0,0,0,0,0,0,0,0,0,0,0,0,,,,
946684800,information_schema,sql_implementation_info,0,0,,,0,0,0,0,0,0,0,0,,,0,0,0,0
946684800,pg_catalog,pg_ts_config_map,0,0,0,0,0,0,0,0,0,0,0,0,0,0,,,,
946684800,pg_catalog,pg_largeobject_metadata,0,0,0,0,0,0,0,0,0,0,0,0,0,0,,,,
946684800,pg_catalog,pg_am,224,224,0,0,0,0,0,0,0,0,24,200,0,0,,,,
946684800,pg_catalog,pg_ts_template,0,0,0,0,0,0,0,0,0,0,0,0,0,0,,,,
946684800,pg_catalog,pg_foreign_server,0,0,0,0,0,0,0,0,0,0,0,0,0,0,,,,
946684800,pg_catalog,pg_namespace,273,1356,1305,1116,6,0,0,0,6,0,29,1287,66,1525,,,,
946684800,pg_toast,pg_toast_2619,0,0,26,34,23,0,0,0,23,0,17,59,7,50,,,,
946684800,pg_catalog,pg_authid,32,32,361,361,0,0,0,0,0,0,19,374,76,646,,,,
946684800,pg_catalog,pgxc_class,0,0,0,0,0,0,0,0,0,0,0,0,0,0,,,,
946684800,pg_catalog,pg_default_acl,0,0,18,0,0,0,0,0,0,0,0,0,4,14,,,,
946684800,pg_catalog,pg_shdepend,0,0,21,20,0,0,0,0,0,0,4,16,10,17,,,,
946684800,pg_catalog,pg_constraint,0,0,8,0,8,0,0,0,8,0,5,25,8,60,0,0,0,0
946684800,pg_toast,pg_toast_13078,0,0,0,0,0,0,0,0,0,0,0,0,0,0,,,,
946684800,pg_catalog,pg_index,151,19541,1633,2152,31,0,0,0,31,0,105,2260,79,1974,,,,
946684800,pg_toast,pg_toast_2604,0,0,0,0,0,0,0,0,0,0,0,0,0,0,,,,
946684800,pg_catalog,pg_ts_dict,0,0,0,0,0,0,0,0,0,0,0,0,0,0,,,,
946684800,pg_toast,pg_toast_13108,0,0,0,0,0,0,0,0,0,0,0,0,0,0,,,,
946684800,pg_catalog,pg_proc,0,0,2589,3509,0,0,0,0,0,0,301,2684,331,5185,0,0,0,0
946684800,pg_catalog,pg_attrdef,0,0,0,0,0,0,0,0,0,0,0,0,0,0,0,0,0,0
946684800,pg_catalog,pg_db_role_setting,0,0,956,0,0,0,0,0,0,0,0,0,24,932,0,0,0,0
946684800,pg_catalog,pg_tablesample_method,0,0,0,0,0,0,0,0,0,0,0,0,0,0,,,,
946684800,pg_catalog,pg_description,0,0,0,0,0,0,0,0,0,0,0,0,0,0,0,0,0,0
946684800,pg_catalog,pg_foreign_data_wrapper,0,0,0,0,0,0,0,0,0,0,0,0,0,0,,,,
946684800,pg_catalog,pg_conversion,0,0,0,0,0,0,0,0,0,0,0,0,0,0,,,,
946684800,information_schema,sql_packages,0,0,,,0,0,0,0,0,0,0,0,,,0,0,0,0
946684800,public,supplier,17,1500000,25561,163508,100000,0,0,0,100000,0,42339,50448,1514,50684,,,,
946684800,pg_toast,pg_toast_13103,0,0,0,0,0,0,0,0,0,0,0,0,0,0,,,,
946684800,pg_catalog,pg_class,284,81012,12122,16674,44,0,0,0,44,0,318,15166,184,13762,,,,
946684800,pg_catalog,pg_opfamily,0,0,0,0,0,0,0,0,0,0,0,0,0,0,,,,
946684800,pg_catalog,pg_auth_members,0,0,0,0,0,0,0,0,0,0,0,0,0,0,,,,
946684800,pg_catalog,pg_operator,0,0,1233,1125,0,0,0,0,0,0,128,979,182,2562,,,,
946684800,pg_temp_4,tmp_orderkey3,1,7559,2,15118,7559,0,0,0,7559,0,34,136,23,22,,,,
946684800,pg_catalog,pg_attribute,33,225,6875,13830,215,10,0,3,215,7,435,7637,167,14713,,,,
946684800,pg_toast,pg_toast_13098,0,0,0,0,0,0,0,0,0,0,0,0,0,0,,,,
946684800,pg_catalog,pg_tablespace,2,4,146,146,0,0,0,0,0,0,16,132,32,260,,,,
946684800,pg_catalog,pgxc_group,0,0,0,0,0,0,0,0,0,0,0,0,0,0,,,,
946684800,pg_toast,pg_toast_3592,0,0,0,0,0,0,0,0,0,0,0,0,0,0,,,,
946684800,pg_catalog,pg_statistic,0,0,1157,632,69,0,0,0,69,0,104,609,64,2540,17,59,7,50
946684800,pg_catalog,pg_aggregate,0,0,88,88,0,0,0,0,0,0,31,57,50,98,,,,
946684800,pg_catalog,pg_inherits,0,0,0,0,0,0,0,0,0,0,0,0,0,0,,,,
946684800,pg_catalog,pg_policy,0,0,0,0,0,0,0,0,0,0,0,0,0,0,,,,
946684800,public,partsupp,8,27980457,92357,2643625,3997208,0,0,0,3997261,0,1442834,2241919,81288,225391,,,,
946684800,pg_catalog,pg_enum,0,0,0,0,0,0,0,0,0,0,0,0,0,0,,,,
946684800,pg_temp_2,tmp_orderkey4,3,22230,0,0,7410,0,0,0,7410,0,33,132,0,0,,,,
946684800,pg_catalog,pg_replication_origin,0,0,0,0,0,0,0,0,0,0,0,0,0,0,,,,
946684800,pg_toast,pg_toast_2396,0,0,0,0,0,0,0,0,0,0,0,0,0,0,,,,
946684800,pg_catalog,pg_pltemplate,0,0,0,0,0,0,0,0,0,0,0,0,0,0,,,,
946684800,pg_toast,pg_toast_2618,0,0,135,432,0,0,0,0,0,0,78,138,26,190,,,,
946684800,pg_toast,pg_toast_3596,0,0,0,0,0,0,0,0,0,0,0,0,0,0,,,,
946684800,pg_temp_11,tmp_orderkey2,3,22287,0,0,7429,0,0,0,7429,0,33,132,0,0,,,,
946684800,public,lineitem,23,530537464,515667,63390309,30042134,0,89491,0,29921391,120748,17010795,4115752,1125808,2913810,,,,
946684800,pg_toast,pg_toast_2606,0,0,0,0,0,0,0,0,0,0,0,0,0,0,,,,
946684800,information_schema,sql_sizing,0,0,,,0,0,0,0,0,0,0,0,,,0,0,0,0
946684800,pg_catalog,pg_transform,0,0,0,0,0,0,0,0,0,0,0,0,0,0,,,,
946684800,pg_toast,pg_toast_2964,0,0,0,0,0,0,0,0,0,0,0,0,0,0,,,,
946684800,pg_catalog,pg_database,91,346,1132,1130,1,0,0,0,1,0,28,1225,98,1511,,,,
946684800,pg_toast,pg_toast_2620,0,0,0,0,0,0,0,0,0,0,0,0,0,0,,,,
946684800,pg_catalog,pg_depend,0,0,374,402,102,0,0,0,102,0,48,452,65,1131,,,,
946684800,pg_catalog,pg_language,0,0,0,0,0,0,0,0,0,0,0,0,0,0,,,,
946684800,pg_catalog,pg_amproc,6,12,812,1201,0,0,0,0,0,0,36,784,80,1759,,,,
946684800,public,customer,17,25500000,44,2129080,1500000,0,0,0,1499967,0,808807,290803,27365,1121,,,,
946684800,public,nation,29,725,25548,25548,25,0,0,0,25,0,20,25567,5,25546,,,,
946684800,pg_catalog,pgxc_node,191,569,627,621,2,1,0,1,2,1,23,796,86,922,,,,
946684800,pg_toast,pg_toast_13088,0,0,0,0,0,0,0,0,0,0,0,0,0,0,,,,
946684800,pg_catalog,pg_collation,0,0,66,66,0,0,0,0,0,0,19,47,90,108,,,,
946684800,pg_catalog,pg_range,0,0,0,0,0,0,0,0,0,0,0,0,0,0,,,,
946684800,pg_toast,pg_toast_2609,0,0,0,0,0,0,0,0,0,0,0,0,0,0,,,,
946684800,information_schema,sql_languages,0,0,,,0,0,0,0,0,0,0,0,,,0,0,0,0
946684800,pg_catalog,pg_opclass,6,6,793,8957,0,0,0,0,0,0,55,3168,82,1025,,,,
946684800,public,orders,15,104952658,299034,9141880,7504094,0,22398,0,7481632,22398,2968087,788418,104708,947874,,,,
946684800,pg_catalog,pg_rewrite,0,0,189,189,0,0,0,0,0,0,65,124,26,298,78,138,52,380
946684800,pg_toast,pg_toast_1255,0,0,0,0,0,0,0,0,0,0,0,0,0,0,,,,
946684800,pg_catalog,pg_seclabel,0,0,0,0,0,0,0,0,0,0,0,0,0,0,0,0,0,0
946684800,pg_toast,pg_toast_13093,0,0,0,0,0,0,0,0,0,0,0,0,0,0,,,,
946684800,pg_catalog,pg_ts_parser,0,0,0,0,0,0,0,0,0,0,0,0,0,0,,,,
946684800,pg_catalog,pg_trigger,0,0,0,0,0,0,0,0,0,0,0,0,0,0,0,0,0,0
946684800,information_schema,sql_sizing_profiles,0,0,,,0,0,0,0,0,0,0,0,,,0,0,0,0
946684800,public,part,12,11449587,61,2499869,999302,0,0,0,999302,0,358620,116334,32878,1707,,,,
946684800,pg_catalog,pg_event_trigger,0,0,16,0,0,0,0,0,0,0,0,0,4,12,,,,
946684800,pg_catalog,pg_foreign_table,0,0,0,0,0,0,0,0,0,0,0,0,0,0,,,,
946684800,public,region,12723,63615,0,0,5,0,0,0,5,0,12,12721,1,0,,,,
946684800,pg_catalog,pg_shseclabel,0,0,0,0,0,0,0,0,0,0,0,0,0,0,0,0,0,0
946684800,pg_catalog,pg_extension,0,0,0,0,0,0,0,0,0,0,0,0,0,0,,,,
946684800,information_schema,sql_parts,0,0,,,0,0,0,0,0,0,0,0,,,0,0,0,0
946684800,pg_catalog,pg_ts_config,0,0,0,0,0,0,0,0,0,0,0,0,0,0,,,,
946684800,information_schema,sql_features,0,0,,,0,0,0,0,0,0,0,0,,,0,0,0,0
946684800,pg_catalog,pg_shdescription,0,0,0,0,0,0,0,0,0,0,0,0,0,0,0,0,0,0
946684800,pg_catalog,pg_cast,0,0,2707,932,0,0,0,0,0,0,19,913,31,2829,,,,
946684800,pg_catalog,pg_amop,0,0,1283,2043,0,0,0,0,0,0,94,1949,134,2704,,,,
946684800,pg_toast,pg_toast_13083,0,0,0,0,0,0,0,0,0,0,0,0,0,0,,,,
946684800,pg_catalog,pg_user_mapping,0,0,0,0,0,0,0,0,0,0,0,0,0,0,,,,
946684800,pg_catalog,pg_type,0,0,3703,3651,25,0,0,0,25,0,98,3594,128,4277,,,,
946684800,public,time_statistics,55,871,,,30,28,0,28,30,29,25,88,,,,,,
946684800,pg_catalog,pg_largeobject,0,0,0,0,0,0,0,0,0,0,0,0,0,0,,,,
946684800,information_schema,sql_implementation_info,0,0,,,0,0,0,0,0,0,0,0,,,0,0,0,0
946684800,pg_catalog,pg_ts_config_map,0,0,0,0,0,0,0,0,0,0,0,0,0,0,,,,
946684800,pg_catalog,pg_largeobject_metadata,0,0,0,0,0,0,0,0,0,0,0,0,0,0,,,,
946684800,pg_catalog,pg_am,231,231,0,0,0,0,0,0,0,0,26,205,0,0,,,,
946684800,pg_catalog,pg_ts_template,0,0,0,0,0,0,0,0,0,0,0,0,0,0,,,,
946684800,pg_catalog,pg_foreign_server,0,0,0,0,0,0,0,0,0,0,0,0,0,0,,,,
946684800,pg_catalog,pg_namespace,276,1395,1338,1142,6,0,0,0,6,0,31,1314,76,1562,,,,
946684800,pg_toast,pg_toast_2619,0,0,26,34,23,0,0,0,23,0,17,59,7,50,,,,
946684800,pg_catalog,pg_authid,33,33,374,374,0,0,0,0,0,0,21,386,84,664,,,,
946684800,pg_catalog,pgxc_class,0,0,0,0,0,0,0,0,0,0,0,0,0,0,,,,
946684800,pg_catalog,pg_default_acl,0,0,18,0,0,0,0,0,0,0,0,0,4,14,,,,
946684800,pg_catalog,pg_shdepend,0,0,21,20,0,0,0,0,0,0,4,16,10,17,,,,
946684800,pg_catalog,pg_constraint,0,0,8,0,8,0,0,0,8,0,5,25,8,60,0,0,0,0
946684800,pg_toast,pg_toast_13078,0,0,0,0,0,0,0,0,0,0,0,0,0,0,,,,
946684800,pg_catalog,pg_index,156,20336,1682,2211,31,0,0,0,31,0,116,2322,89,2025,,,,
946684800,pg_toast,pg_toast_2604,0,0,0,0,0,0,0,0,0,0,0,0,0,0,,,,
946684800,pg_catalog,pg_ts_dict,0,0,0,0,0,0,0,0,0,0,0,0,0,0,,,,
946684800,pg_toast,pg_toast_13108,0,0,0,0,0,0,0,0,0,0,0,0,0,0,,,,
946684800,pg_catalog,pg_proc,0,0,2755,3703,0,0,0,0,0,0,338,2825,375,5487,0,0,0,0
946684800,pg_catalog,pg_attrdef,0,0,0,0,0,0,0,0,0,0,0,0,0,0,0,0,0,0
946684800,pg_catalog,pg_db_role_setting,0,0,988,0,0,0,0,0,0,0,0,0,26,962,0,0,0,0
946684800,pg_catalog,pg_tablesample_method,0,0,0,0,0,0,0,0,0,0,0,0,0,0,,,,
946684800,pg_catalog,pg_description,0,0,0,0,0,0,0,0,0,0,0,0,0,0,0,0,0,0
946684800,pg_catalog,pg_foreign_data_wrapper,0,0,0,0,0,0,0,0,0,0,0,0,0,0,,,,
946684800,pg_catalog,pg_conversion,0,0,0,0,0,0,0,0,0,0,0,0,0,0,,,,
946684800,information_schema,sql_packages,0,0,,,0,0,0,0,0,0,0,0,,,0,0,0,0
946684800,public,supplier,18,1600000,25561,163508,100000,0,0,0,100000,0,44519,50448,1514,50684,,,,
946684800,pg_toast,pg_toast_13103,0,0,0,0,0,0,0,0,0,0,0,0,0,0,,,,
946684800,pg_catalog,pg_class,294,84342,12559,17299,44,0,0,0,44,0,358,15693,209,14235,,,,
946684800,pg_catalog,pg_opfamily,0,0,0,0,0,0,0,0,0,0,0,0,0,0,,,,
946684800,pg_catalog,pg_auth_members,0,0,0,0,0,0,0,0,0,0,0,0,0,0,,,,
946684800,pg_catalog,pg_operator,0,0,1293,1176,0,0,0,0,0,0,144,1014,212,2663,,,,
946684800,pg_temp_4,tmp_orderkey3,1,7559,2,15118,7559,0,0,0,7559,0,34,136,23,22,,,,
946684800,pg_catalog,pg_attribute,33,225,7134,14273,215,10,0,3,215,7,472,7865,185,15219,,,,
946684800,pg_toast,pg_toast_13098,0,0,0,0,0,0,0,0,0,0,0,0,0,0,,,,
946684800,pg_catalog,pg_tablespace,2,4,152,152,0,0,0,0,0,0,18,136,36,268,,,,
946684800,pg_catalog,pgxc_group,0,0,0,0,0,0,0,0,0,0,0,0,0,0,,,,
946684800,pg_toast,pg_toast_3592,0,0,0,0,0,0,0,0,0,0,0,0,0,0,,,,
946684800,pg_catalog,pg_statistic,0,0,1226,667,69,0,0,0,69,0,119,629,75,2674,17,59,7,50
946684800,pg_catalog,pg_aggregate,0,0,95,95,0,0,0,0,0,0,34,61,55,102,,,,
946684800,pg_catalog,pg_inherits,0,0,0,0,0,0,0,0,0,0,0,0,0,0,,,,
946684800,pg_catalog,pg_policy,0,0,0,0,0,0,0,0,0,0,0,0,0,0,,,,
946684800,public,partsupp,8,27980457,92357,2643625,3997208,0,0,0,3997261,0,1442834,2241919,81288,225391,,,,
946684800,pg_catalog,pg_enum,0,0,0,0,0,0,0,0,0,0,0,0,0,0,,,,
946684800,pg_temp_2,tmp_orderkey4,3,22230,0,0,7410,0,0,0,7410,0,33,132,0,0,,,,
946684800,pg_catalog,pg_replication_origin,0,0,0,0,0,0,0,0,0,0,0,0,0,0,,,,
946684800,pg_toast,pg_toast_2396,0,0,0,0,0,0,0,0,0,0,0,0,0,0,,,,
946684800,pg_catalog,pg_pltemplate,0,0,0,0,0,0,0,0,0,0,0,0,0,0,,,,
946684800,pg_toast,pg_toast_2618,0,0,140,448,0,0,0,0,0,0,84,140,28,196,,,,
946684800,pg_toast,pg_toast_3596,0,0,0,0,0,0,0,0,0,0,0,0,0,0,,,,
946684800,pg_temp_11,tmp_orderkey2,3,22287,0,0,7429,0,0,0,7429,0,33,132,0,0,,,,
946684800,public,lineitem,23,530537464,515672,85700419,30042134,0,89491,0,29921391,120748,19262384,4115754,1187021,2913810,,,,
946684800,pg_toast,pg_toast_2606,0,0,0,0,0,0,0,0,0,0,0,0,0,0,,,,
946684800,information_schema,sql_sizing,0,0,,,0,0,0,0,0,0,0,0,,,0,0,0,0
946684800,pg_catalog,pg_transform,0,0,0,0,0,0,0,0,0,0,0,0,0,0,,,,
946684800,pg_toast,pg_toast_2964,0,0,0,0,0,0,0,0,0,0,0,0,0,0,,,,
946684800,pg_catalog,pg_database,94,358,1171,1169,1,0,0,0,1,0,29,1267,109,1555,,,,
946684800,pg_toast,pg_toast_2620,0,0,0,0,0,0,0,0,0,0,0,0,0,0,,,,
946684800,pg_catalog,pg_depend,0,0,374,402,102,0,0,0,102,0,48,452,65,1131,,,,
946684800,pg_catalog,pg_language,0,0,0,0,0,0,0,0,0,0,0,0,0,0,,,,
946684800,pg_catalog,pg_amproc,6,12,840,1241,0,0,0,0,0,0,40,808,90,1811,,,,
946684800,public,customer,19,28500000,44,2129080,1500000,0,0,0,1499967,0,879363,290803,27365,1121,,,,
946684800,public,nation,32,800,25548,25548,25,0,0,0,25,0,22,25568,5,25546,,,,
946684800,pg_catalog,pgxc_node,197,587,646,640,2,1,0,1,2,1,25,819,94,945,,,,
946684800,pg_toast,pg_toast_13088,0,0,0,0,0,0,0,0,0,0,0,0,0,0,,,,
946684800,pg_catalog,pg_collation,0,0,67,67,0,0,0,0,0,0,20,47,93,108,,,,
946684800,pg_catalog,pg_range,0,0,0,0,0,0,0,0,0,0,0,0,0,0,,,,
946684800,pg_toast,pg_toast_2609,0,0,0,0,0,0,0,0,0,0,0,0,0,0,,,,
946684800,information_schema,sql_languages,0,0,,,0,0,0,0,0,0,0,0,,,0,0,0,0
946684800,pg_catalog,pg_opclass,6,6,817,9229,0,0,0,0,0,0,62,3265,91,1050,,,,
946684800,public,orders,18,126245551,299035,9428025,7504094,0,22398,0,7481632,22398,3442701,788450,105495,947874,,,,
946684800,pg_catalog,pg_rewrite,0,0,197,197,0,0,0,0,0,0,71,126,30,308,84,140,56,392
946684800,pg_toast,pg_toast_1255,0,0,0,0,0,0,0,0,0,0,0,0,0,0,,,,
946684800,pg_catalog,pg_seclabel,0,0,0,0,0,0,0,0,0,0,0,0,0,0,0,0,0,0
946684800,pg_toast,pg_toast_13093,0,0,0,0,0,0,0,0,0,0,0,0,0,0,,,,
946684800,pg_catalog,pg_ts_parser,0,0,0,0,0,0,0,0,0,0,0,0,0,0,,,,
946684800,pg_catalog,pg_trigger,0,0,0,0,0,0,0,0,0,0,0,0,0,0,0,0,0,0
946684800,information_schema,sql_sizing_profiles,0,0,,,0,0,0,0,0,0,0,0,,,0,0,0,0
946684800,public,part,12,11449587,61,2499869,999302,0,0,0,999302,0,358620,116334,32878,1707,,,,
946684800,pg_catalog,pg_event_trigger,0,0,16,0,0,0,0,0,0,0,0,0,4,12,,,,
946684800,pg_catalog,pg_foreign_table,0,0,0,0,0,0,0,0,0,0,0,0,0,0,,,,
946684800,public,region,12723,63615,0,0,5,0,0,0,5,0,12,12721,1,0,,,,
946684800,pg_catalog,pg_shseclabel,0,0,0,0,0,0,0,0,0,0,0,0,0,0,0,0,0,0
946684800,pg_catalog,pg_extension,0,0,0,0,0,0,0,0,0,0,0,0,0,0,,,,
946684800,information_schema,sql_parts,0,0,,,0,0,0,0,0,0,0,0,,,0,0,0,0
946684800,pg_catalog,pg_ts_config,0,0,0,0,0,0,0,0,0,0,0,0,0,0,,,,
946684800,information_schema,sql_features,0,0,,,0,0,0,0,0,0,0,0,,,0,0,0,0
946684800,pg_catalog,pg_shdescription,0,0,0,0,0,0,0,0,0,0,0,0,0,0,0,0,0,0
946684800,pg_catalog,pg_cast,0,0,2805,966,0,0,0,0,0,0,21,945,35,2929,,,,
946684800,pg_catalog,pg_amop,0,0,1344,2149,0,0,0,0,0,0,114,2035,157,2815,,,,
946684800,pg_toast,pg_toast_13083,0,0,0,0,0,0,0,0,0,0,0,0,0,0,,,,
946684800,pg_catalog,pg_user_mapping,0,0,0,0,0,0,0,0,0,0,0,0,0,0,,,,
946684800,pg_catalog,pg_type,0,0,3858,3806,25,0,0,0,25,0,111,3736,143,4438,,,,
946684800,public,time_statistics,60,1031,,,33,31,0,31,33,32,30,94,,,,,,
946684800,pg_catalog,pg_largeobject,0,0,0,0,0,0,0,0,0,0,0,0,0,0,,,,
946684800,information_schema,sql_implementation_info,0,0,,,0,0,0,0,0,0,0,0,,,0,0,0,0
946684800,pg_catalog,pg_ts_config_map,0,0,0,0,0,0,0,0,0,0,0,0,0,0,,,,
946684800,pg_catalog,pg_largeobject_metadata,0,0,0,0,0,0,0,0,0,0,0,0,0,0,,,,
946684800,pg_catalog,pg_am,237,237,0,0,0,0,0,0,0,0,28,209,0,0,,,,
946684800,pg_catalog,pg_ts_template,0,0,0,0,0,0,0,0,0,0,0,0,0,0,,,,
946684800,pg_catalog,pg_foreign_server,0,0,0,0,0,0,0,0,0,0,0,0,0,0,,,,
946684800,pg_catalog,pg_namespace,283,1460,1381,1178,6,0,0,0,6,0,35,1351,86,1606,,,,
946684800,pg_toast,pg_toast_2619,0,0,26,34,23,0,0,0,23,0,17,59,7,50,,,,
946684800,pg_catalog,pg_authid,34,34,386,386,0,0,0,0,0,0,23,397,92,680,,,,
946684800,pg_catalog,pgxc_class,0,0,0,0,0,0,0,0,0,0,0,0,0,0,,,,
946684800,pg_catalog,pg_default_acl,0,0,18,0,0,0,0,0,0,0,0,0,4,14,,,,
946684800,pg_catalog,pg_shdepend,0,0,21,20,0,0,0,0,0,0,4,16,10,17,,,,
946684800,pg_catalog,pg_constraint,0,0,8,0,8,0,0,0,8,0,5,25,8,60,0,0,0,0
946684800,pg_toast,pg_toast_13078,0,0,0,0,0,0,0,0,0,0,0,0,0,0,,,,
946684800,pg_catalog,pg_index,161,21131,1734,2283,31,0,0,0,31,0,127,2388,100,2079,,,,
946684800,pg_toast,pg_toast_2604,0,0,0,0,0,0,0,0,0,0,0,0,0,0,,,,
946684800,pg_catalog,pg_ts_dict,0,0,0,0,0,0,0,0,0,0,0,0,0,0,,,,
946684800,pg_toast,pg_toast_13108,0,0,0,0,0,0,0,0,0,0,0,0,0,0,,,,
946684800,pg_catalog,pg_proc,0,0,2874,3864,0,0,0,0,0,0,374,2926,425,5689,0,0,0,0
946684800,pg_catalog,pg_attrdef,0,0,0,0,0,0,0,0,0,0,0,0,0,0,0,0,0,0
946684800,pg_catalog,pg_db_role_setting,0,0,1036,0,0,0,0,0,0,0,0,0,31,1005,0,0,0,0
946684800,pg_catalog,pg_tablesample_method,0,0,0,0,0,0,0,0,0,0,0,0,0,0,,,,
946684800,pg_catalog,pg_description,0,0,0,0,0,0,0,0,0,0,0,0,0,0,0,0,0,0
946684800,pg_catalog,pg_foreign_data_wrapper,0,0,0,0,0,0,0,0,0,0,0,0,0,0,,,,
946684800,pg_catalog,pg_conversion,0,0,0,0,0,0,0,0,0,0,0,0,0,0,,,,
946684800,information_schema,sql_packages,0,0,,,0,0,0,0,0,0,0,0,,,0,0,0,0
946684800,public,supplier,21,1800000,38729,176676,100000,0,0,0,100000,0,48578,63917,1790,76804,,,,
946684800,pg_toast,pg_toast_13103,0,0,0,0,0,0,0,0,0,0,0,0,0,0,,,,
946684800,pg_catalog,pg_class,302,86936,13040,17978,44,0,0,0,44,0,386,16260,231,14764,,,,
946684800,pg_catalog,pg_opfamily,0,0,0,0,0,0,0,0,0,0,0,0,0,0,,,,
946684800,pg_catalog,pg_auth_members,0,0,0,0,0,0,0,0,0,0,0,0,0,0,,,,
946684800,pg_catalog,pg_operator,0,0,1355,1238,0,0,0,0,0,0,162,1058,244,2764,,,,
946684800,pg_temp_4,tmp_orderkey3,1,7559,2,15118,7559,0,0,0,7559,0,34,136,23,22,,,,
946684800,pg_catalog,pg_attribute,33,225,7363,14730,215,10,0,3,215,7,505,8076,201,15673,,,,
946684800,pg_toast,pg_toast_13098,0,0,0,0,0,0,0,0,0,0,0,0,0,0,,,,
946684800,pg_catalog,pg_tablespace,2,4,157,157,0,0,0,0,0,0,19,140,38,276,,,,
946684800,pg_catalog,pgxc_group,0,0,0,0,0,0,0,0,0,0,0,0,0,0,,,,
946684800,pg_toast,pg_toast_3592,0,0,0,0,0,0,0,0,0,0,0,0,0,0,,,,
946684800,pg_catalog,pg_statistic,0,0,1246,680,69,0,0,0,69,0,121,640,75,2718,17,59,7,50
946684800,pg_catalog,pg_aggregate,0,0,101,101,0,0,0,0,0,0,39,62,62,103,,,,
946684800,pg_catalog,pg_inherits,0,0,0,0,0,0,0,0,0,0,0,0,0,0,,,,
946684800,pg_catalog,pg_policy,0,0,0,0,0,0,0,0,0,0,0,0,0,0,,,,
946684800,public,partsupp,8,27980457,118884,3458052,3997208,0,0,0,3997261,0,1621036,2868595,95052,293533,,,,
946684800,pg_catalog,pg_enum,0,0,0,0,0,0,0,0,0,0,0,0,0,0,,,,
946684800,pg_temp_2,tmp_orderkey4,3,22230,0,0,7410,0,0,0,7410,0,33,132,0,0,,,,
946684800,pg_catalog,pg_replication_origin,0,0,0,0,0,0,0,0,0,0,0,0,0,0,,,,
946684800,pg_toast,pg_toast_2396,0,0,0,0,0,0,0,0,0,0,0,0,0,0,,,,
946684800,pg_catalog,pg_pltemplate,0,0,0,0,0,0,0,0,0,0,0,0,0,0,,,,
946684800,pg_toast,pg_toast_2618,0,0,145,464,0,0,0,0,0,0,90,142,30,202,,,,
946684800,pg_toast,pg_toast_3596,0,0,0,0,0,0,0,0,0,0,0,0,0,0,,,,
946684800,pg_temp_11,tmp_orderkey2,3,22287,0,0,7429,0,0,0,7429,0,33,132,0,0,,,,
946684800,public,lineitem,25,558010112,538423,86281459,30042134,0,89491,0,29921391,120748,20015382,4262122,1208612,2986830,,,,
946684800,pg_toast,pg_toast_2606,0,0,0,0,0,0,0,0,0,0,0,0,0,0,,,,
946684800,information_schema,sql_sizing,0,0,,,0,0,0,0,0,0,0,0,,,0,0,0,0
946684800,pg_catalog,pg_transform,0,0,0,0,0,0,0,0,0,0,0,0,0,0,,,,
946684800,pg_toast,pg_toast_2964,0,0,0,0,0,0,0,0,0,0,0,0,0,0,,,,
946684800,pg_catalog,pg_database,97,370,1219,1217,1,0,0,0,1,0,33,1315,129,1607,,,,
946684800,pg_toast,pg_toast_2620,0,0,0,0,0,0,0,0,0,0,0,0,0,0,,,,
946684800,pg_catalog,pg_depend,0,0,374,402,102,0,0,0,102,0,48,452,65,1131,,,,
946684800,pg_catalog,pg_language,0,0,0,0,0,0,0,0,0,0,0,0,0,0,,,,
946684800,pg_catalog,pg_amproc,6,12,880,1299,0,0,0,0,0,0,45,842,103,1890,,,,
946684800,public,customer,21,31500000,44,2129080,1500000,0,0,0,1499967,0,949919,290803,27365,1121,,,,
946684800,public,nation,35,875,38716,38716,25,0,0,0,25,0,24,38737,7,38713,,,,
946684800,pg_catalog,pgxc_node,207,617,678,672,2,1,0,1,2,1,29,857,110,979,,,,
946684800,pg_toast,pg_toast_13088,0,0,0,0,0,0,0,0,0,0,0,0,0,0,,,,
946684800,pg_catalog,pg_collation,0,0,70,70,0,0,0,0,0,0,22,48,99,111,,,,
946684800,pg_catalog,pg_range,0,0,0,0,0,0,0,0,0,0,0,0,0,0,,,,
946684800,pg_toast,pg_toast_2609,0,0,0,0,0,0,0,0,0,0,0,0,0,0,,,,
946684800,information_schema,sql_languages,0,0,,,0,0,0,0,0,0,0,0,,,0,0,0,0
946684800,pg_catalog,pg_opclass,6,6,842,9340,0,0,0,0,0,0,65,3311,97,1083,,,,
946684800,public,orders,20,131861384,299036,11701910,7504094,0,22398,0,7481632,22398,3655659,797411,111723,947874,,,,
946684800,pg_catalog,pg_rewrite,0,0,203,203,0,0,0,0,0,0,75,128,30,318,90,142,60,404
946684800,pg_toast,pg_toast_1255,0,0,0,0,0,0,0,0,0,0,0,0,0,0,,,,
946684800,pg_catalog,pg_seclabel,0,0,0,0,0,0,0,0,0,0,0,0,0,0,0,0,0,0
946684800,pg_toast,pg_toast_13093,0,0,0,0,0,0,0,0,0,0,0,0,0,0,,,,
946684800,pg_catalog,pg_ts_parser,0,0,0,0,0,0,0,0,0,0,0,0,0,0,,,,
946684800,pg_catalog,pg_trigger,0,0,0,0,0,0,0,0,0,0,0,0,0,0,0,0,0,0
946684800,information_schema,sql_sizing_profiles,0,0,,,0,0,0,0,0,0,0,0,,,0,0,0,0
946684800,public,part,13,12448889,78,3508089,999302,0,0,0,999302,0,405212,118399,36576,2543,,,,
946684800,pg_catalog,pg_event_trigger,0,0,16,0,0,0,0,0,0,0,0,0,4,12,,,,
946684800,pg_catalog,pg_foreign_table,0,0,0,0,0,0,0,0,0,0,0,0,0,0,,,,
946684800,public,region,19210,96050,0,0,5,0,0,0,5,0,13,19207,1,0,,,,
946684800,pg_catalog,pg_shseclabel,0,0,0,0,0,0,0,0,0,0,0,0,0,0,0,0,0,0
946684800,pg_catalog,pg_extension,0,0,0,0,0,0,0,0,0,0,0,0,0,0,,,,
946684800,information_schema,sql_parts,0,0,,,0,0,0,0,0,0,0,0,,,0,0,0,0
946684800,pg_catalog,pg_ts_config,0,0,0,0,0,0,0,0,0,0,0,0,0,0,,,,
946684800,information_schema,sql_features,0,0,,,0,0,0,0,0,0,0,0,,,0,0,0,0
946684800,pg_catalog,pg_shdescription,0,0,0,0,0,0,0,0,0,0,0,0,0,0,0,0,0,0
946684800,pg_catalog,pg_cast,0,0,2845,988,0,0,0,0,0,0,21,967,35,2973,,,,
946684800,pg_catalog,pg_amop,0,0,1387,2221,0,0,0,0,0,0,127,2094,172,2894,,,,
946684800,pg_toast,pg_toast_13083,0,0,0,0,0,0,0,0,0,0,0,0,0,0,,,,
946684800,pg_catalog,pg_user_mapping,0,0,0,0,0,0,0,0,0,0,0,0,0,0,,,,
946684800,pg_catalog,pg_type,0,0,3985,3933,25,0,0,0,25,0,122,3852,169,4581,,,,
946684800,public,time_statistics,66,1246,,,37,35,0,35,37,36,34,104,,,,,,
946684800,pg_catalog,pg_largeobject,0,0,0,0,0,0,0,0,0,0,0,0,0,0,,,,
946684800,information_schema,sql_implementation_info,0,0,,,0,0,0,0,0,0,0,0,,,0,0,0,0
946684800,pg_catalog,pg_ts_config_map,0,0,0,0,0,0,0,0,0,0,0,0,0,0,,,,
946684800,pg_catalog,pg_largeobject_metadata,0,0,0,0,0,0,0,0,0,0,0,0,0,0,,,,
946684800,pg_catalog,pg_am,249,249,0,0,0,0,0,0,0,0,31,218,0,0,,,,
946684800,pg_catalog,pg_ts_template,0,0,0,0,0,0,0,0,0,0,0,0,0,0,,,,
946684800,pg_catalog,pg_foreign_server,0,0,0,0,0,0,0,0,0,0,0,0,0,0,,,,
946684800,pg_catalog,pg_namespace,286,1499,1406,1196,6,0,0,0,6,0,40,1367,96,1631,,,,
946684800,pg_toast,pg_toast_2619,0,0,26,34,23,0,0,0,23,0,17,59,7,50,,,,
946684800,pg_catalog,pg_authid,35,35,406,406,0,0,0,0,0,0,27,414,108,704,,,,
946684800,pg_catalog,pgxc_class,0,0,0,0,0,0,0,0,0,0,0,0,0,0,,,,
946684800,pg_catalog,pg_default_acl,0,0,18,0,0,0,0,0,0,0,0,0,4,14,,,,
946684800,pg_catalog,pg_shdepend,0,0,21,20,0,0,0,0,0,0,4,16,10,17,,,,
946684800,pg_catalog,pg_constraint,0,0,8,0,8,0,0,0,8,0,5,25,8,60,0,0,0,0
946684800,pg_toast,pg_toast_13078,0,0,0,0,0,0,0,0,0,0,0,0,0,0,,,,
946684800,pg_catalog,pg_index,166,21926,1788,2348,31,0,0,0,31,0,137,2457,107,2142,,,,
946684800,pg_toast,pg_toast_2604,0,0,0,0,0,0,0,0,0,0,0,0,0,0,,,,
946684800,pg_catalog,pg_ts_dict,0,0,0,0,0,0,0,0,0,0,0,0,0,0,,,,
946684800,pg_toast,pg_toast_13108,0,0,0,0,0,0,0,0,0,0,0,0,0,0,,,,
946684800,pg_catalog,pg_proc,0,0,2998,4016,0,0,0,0,0,0,403,3033,471,5903,0,0,0,0
946684800,pg_catalog,pg_attrdef,0,0,0,0,0,0,0,0,0,0,0,0,0,0,0,0,0,0
946684800,pg_catalog,pg_db_role_setting,0,0,1072,0,0,0,0,0,0,0,0,0,31,1041,0,0,0,0
946684800,pg_catalog,pg_tablesample_method,0,0,0,0,0,0,0,0,0,0,0,0,0,0,,,,
946684800,pg_catalog,pg_description,0,0,0,0,0,0,0,0,0,0,0,0,0,0,0,0,0,0
946684800,pg_catalog,pg_foreign_data_wrapper,0,0,0,0,0,0,0,0,0,0,0,0,0,0,,,,
946684800,pg_catalog,pg_conversion,0,0,0,0,0,0,0,0,0,0,0,0,0,0,,,,
946684800,information_schema,sql_packages,0,0,,,0,0,0,0,0,0,0,0,,,0,0,0,0
946684800,public,supplier,22,1900000,38729,176676,100000,0,0,0,100000,0,50758,63917,1790,76804,,,,
946684800,pg_toast,pg_toast_13103,0,0,0,0,0,0,0,0,0,0,0,0,0,0,,,,
946684800,pg_catalog,pg_class,311,89898,13478,18611,44,0,0,0,44,0,401,16807,235,15252,,,,
946684800,pg_catalog,pg_opfamily,0,0,0,0,0,0,0,0,0,0,0,0,0,0,,,,
946684800,pg_catalog,pg_auth_members,0,0,0,0,0,0,0,0,0,0,0,0,0,0,,,,
946684800,pg_catalog,pg_operator,0,0,1404,1287,0,0,0,0,0,0,168,1101,249,2871,,,,
946684800,pg_temp_4,tmp_orderkey3,1,7559,2,15118,7559,0,0,0,7559,0,34,136,23,22,,,,
946684800,pg_catalog,pg_attribute,33,225,7596,15198,215,10,0,3,215,7,525,8302,208,16140,,,,
946684800,pg_toast,pg_toast_13098,0,0,0,0,0,0,0,0,0,0,0,0,0,0,,,,
946684800,pg_catalog,pg_tablespace,2,4,162,162,0,0,0,0,0,0,20,144,40,284,,,,
946684800,pg_catalog,pgxc_group,0,0,0,0,0,0,0,0,0,0,0,0,0,0,,,,
946684800,pg_toast,pg_toast_3592,0,0,0,0,0,0,0,0,0,0,0,0,0,0,,,,
946684800,pg_catalog,pg_statistic,0,0,1272,697,69,0,0,0,69,0,126,652,82,2770,17,59,7,50
946684800,pg_catalog,pg_aggregate,0,0,109,109,0,0,0,0,0,0,40,69,64,113,,,,
946684800,pg_catalog,pg_inherits,0,0,0,0,0,0,0,0,0,0,0,0,0,0,,,,
946684800,pg_catalog,pg_policy,0,0,0,0,0,0,0,0,0,0,0,0,0,0,,,,
946684800,public,partsupp,9,31977665,118884,3458052,3997208,0,0,0,3997261,0,1706452,2868595,95052,293533,,,,
946684800,pg_catalog,pg_enum,0,0,0,0,0,0,0,0,0,0,0,0,0,0,,,,
946684800,pg_temp_2,tmp_orderkey4,3,22230,0,0,7410,0,0,0,7410,0,33,132,0,0,,,,
946684800,pg_catalog,pg_replication_origin,0,0,0,0,0,0,0,0,0,0,0,0,0,0,,,,
946684800,pg_toast,pg_toast_2396,0,0,0,0,0,0,0,0,0,0,0,0,0,0,,,,
946684800,pg_catalog,pg_pltemplate,0,0,0,0,0,0,0,0,0,0,0,0,0,0,,,,
946684800,pg_toast,pg_toast_2618,0,0,151,482,0,0,0,0,0,0,98,144,32,210,,,,
946684800,pg_toast,pg_toast_3596,0,0,0,0,0,0,0,0,0,0,0,0,0,0,,,,
946684800,pg_temp_11,tmp_orderkey2,3,22287,0,0,7429,0,0,0,7429,0,33,132,0,0,,,,
946684800,public,lineitem,27,573127579,825128,86544337,30042134,0,89491,0,29921391,120748,20486606,4326560,1260368,3795938,,,,
946684800,pg_toast,pg_toast_2606,0,0,0,0,0,0,0,0,0,0,0,0,0,0,,,,
946684800,information_schema,sql_sizing,0,0,,,0,0,0,0,0,0,0,0,,,0,0,0,0
946684800,pg_catalog,pg_transform,0,0,0,0,0,0,0,0,0,0,0,0,0,0,,,,
946684800,pg_toast,pg_toast_2964,0,0,0,0,0,0,0,0,0,0,0,0,0,0,,,,
946684800,pg_catalog,pg_database,100,382,1261,1259,1,0,0,0,1,0,34,1360,129,1667,,,,
946684800,pg_toast,pg_toast_2620,0,0,0,0,0,0,0,0,0,0,0,0,0,0,,,,
946684800,pg_catalog,pg_depend,0,0,374,402,102,0,0,0,102,0,48,452,65,1131,,,,
946684800,pg_catalog,pg_language,0,0,0,0,0,0,0,0,0,0,0,0,0,0,,,,
946684800,pg_catalog,pg_amproc,6,12,914,1347,0,0,0,0,0,0,46,875,106,1963,,,,
946684800,public,customer,21,31500000,58,2511412,1500000,0,0,0,1499967,0,985119,326003,27904,1674,,,,
946684800,public,nation,36,900,38716,38716,25,0,0,0,25,0,25,38737,7,38713,,,,
946684800,pg_catalog,pgxc_node,214,638,703,697,2,1,0,1,2,1,30,888,112,1017,,,,
946684800,pg_toast,pg_toast_13088,0,0,0,0,0,0,0,0,0,0,0,0,0,0,,,,
946684800,pg_catalog,pg_collation,0,0,74,74,0,0,0,0,0,0,23,51,105,117,,,,
946684800,pg_catalog,pg_range,0,0,0,0,0,0,0,0,0,0,0,0,0,0,,,,
946684800,pg_toast,pg_toast_2609,0,0,0,0,0,0,0,0,0,0,0,0,0,0,,,,
946684800,information_schema,sql_languages,0,0,,,0,0,0,0,0,0,0,0,,,0,0,0,0
946684800,pg_catalog,pg_opclass,6,6,864,9529,0,0,0,0,0,0,68,3382,101,1112,,,,
946684800,public,orders,21,139343080,423353,12112931,7504094,0,22398,0,7481632,22398,3898979,919295,114141,1319866,,,,
946684800,pg_catalog,pg_rewrite,0,0,211,211,0,0,0,0,0,0,81,130,32,330,98,144,64,420
946684800,pg_toast,pg_toast_1255,0,0,0,0,0,0,0,0,0,0,0,0,0,0,,,,
946684800,pg_catalog,pg_seclabel,0,0,0,0,0,0,0,0,0,0,0,0,0,0,0,0,0,0
946684800,pg_toast,pg_toast_13093,0,0,0,0,0,0,0,0,0,0,0,0,0,0,,,,
946684800,pg_catalog,pg_ts_parser,0,0,0,0,0,0,0,0,0,0,0,0,0,0,,,,
946684800,pg_catalog,pg_trigger,0,0,0,0,0,0,0,0,0,0,0,0,0,0,0,0,0,0
946684800,information_schema,sql_sizing_profiles,0,0,,,0,0,0,0,0,0,0,0,,,0,0,0,0
946684800,public,part,14,13448191,78,3508089,999302,0,0,0,999302,0,423267,120591,36576,2543,,,,
946684800,pg_catalog,pg_event_trigger,0,0,16,0,0,0,0,0,0,0,0,0,4,12,,,,
946684800,pg_catalog,pg_foreign_table,0,0,0,0,0,0,0,0,0,0,0,0,0,0,,,,
946684800,public,region,19210,96050,0,0,5,0,0,0,5,0,13,19207,1,0,,,,
946684800,pg_catalog,pg_shseclabel,0,0,0,0,0,0,0,0,0,0,0,0,0,0,0,0,0,0
946684800,pg_catalog,pg_extension,0,0,0,0,0,0,0,0,0,0,0,0,0,0,,,,
946684800,information_schema,sql_parts,0,0,,,0,0,0,0,0,0,0,0,,,0,0,0,0
946684800,pg_catalog,pg_ts_config,0,0,0,0,0,0,0,0,0,0,0,0,0,0,,,,
946684800,information_schema,sql_features,0,0,,,0,0,0,0,0,0,0,0,,,0,0,0,0
946684800,pg_catalog,pg_shdescription,0,0,0,0,0,0,0,0,0,0,0,0,0,0,0,0,0,0
946684800,pg_catalog,pg_cast,0,0,2921,1021,0,0,0,0,0,0,23,998,39,3051,,,,
946684800,pg_catalog,pg_amop,0,0,1438,2312,0,0,0,0,0,0,135,2177,183,2998,,,,
946684800,pg_toast,pg_toast_13083,0,0,0,0,0,0,0,0,0,0,0,0,0,0,,,,
946684800,pg_catalog,pg_user_mapping,0,0,0,0,0,0,0,0,0,0,0,0,0,0,,,,
946684800,pg_catalog,pg_type,0,0,4153,4101,25,0,0,0,25,0,127,4015,172,4789,,,,
946684800,public,time_statistics,70,1401,,,39,36,0,37,39,37,36,110,,,,,,
946684800,pg_catalog,pg_largeobject,0,0,0,0,0,0,0,0,0,0,0,0,0,0,,,,
946684800,information_schema,sql_implementation_info,0,0,,,0,0,0,0,0,0,0,0,,,0,0,0,0
946684800,pg_catalog,pg_ts_config_map,0,0,0,0,0,0,0,0,0,0,0,0,0,0,,,,
946684800,pg_catalog,pg_largeobject_metadata,0,0,0,0,0,0,0,0,0,0,0,0,0,0,,,,
946684800,pg_catalog,pg_am,257,257,0,0,0,0,0,0,0,0,32,225,0,0,,,,
946684800,pg_catalog,pg_ts_template,0,0,0,0,0,0,0,0,0,0,0,0,0,0,,,,
946684800,pg_catalog,pg_foreign_server,0,0,0,0,0,0,0,0,0,0,0,0,0,0,,,,
946684800,pg_catalog,pg_namespace,289,1538,1435,1217,6,0,0,0,6,0,40,1391,98,1670,,,,
946684800,pg_toast,pg_toast_2619,0,0,26,34,23,0,0,0,23,0,17,59,7,50,,,,
946684800,pg_catalog,pg_authid,36,36,420,420,0,0,0,0,0,0,27,429,108,732,,,,
946684800,pg_catalog,pgxc_class,0,0,0,0,0,0,0,0,0,0,0,0,0,0,,,,
946684800,pg_catalog,pg_default_acl,0,0,18,0,0,0,0,0,0,0,0,0,4,14,,,,
946684800,pg_catalog,pg_shdepend,0,0,21,20,0,0,0,0,0,0,4,16,10,17,,,,
946684800,pg_catalog,pg_constraint,0,0,8,0,8,0,0,0,8,0,5,25,8,60,0,0,0,0
946684800,pg_toast,pg_toast_13078,0,0,0,0,0,0,0,0,0,0,0,0,0,0,,,,
946684800,pg_catalog,pg_index,171,22721,1838,2413,31,0,0,0,31,0,140,2529,111,2202,,,,
946684800,pg_toast,pg_toast_2604,0,0,0,0,0,0,0,0,0,0,0,0,0,0,,,,
946684800,pg_catalog,pg_ts_dict,0,0,0,0,0,0,0,0,0,0,0,0,0,0,,,,
946684800,pg_toast,pg_toast_13108,0,0,0,0,0,0,0,0,0,0,0,0,0,0,,,,
946684800,pg_catalog,pg_proc,0,0,3143,4203,0,0,0,0,0,0,432,3167,493,6189,0,0,0,0
946684800,pg_catalog,pg_attrdef,0,0,0,0,0,0,0,0,0,0,0,0,0,0,0,0,0,0
946684800,pg_catalog,pg_db_role_setting,0,0,1108,0,0,0,0,0,0,0,0,0,33,1075,0,0,0,0
946684800,pg_catalog,pg_tablesample_method,0,0,0,0,0,0,0,0,0,0,0,0,0,0,,,,
946684800,pg_catalog,pg_description,0,0,0,0,0,0,0,0,0,0,0,0,0,0,0,0,0,0
946684800,pg_catalog,pg_foreign_data_wrapper,0,0,0,0,0,0,0,0,0,0,0,0,0,0,,,,
946684800,pg_catalog,pg_conversion,0,0,0,0,0,0,0,0,0,0,0,0,0,0,,,,
946684800,information_schema,sql_packages,0,0,,,0,0,0,0,0,0,0,0,,,0,0,0,0
946684800,public,supplier,22,1900000,38733,192708,100000,0,0,0,100000,0,56258,65753,1832,76818,,,,
946684800,pg_toast,pg_toast_13103,0,0,0,0,0,0,0,0,0,0,0,0,0,0,,,,
946684800,pg_catalog,pg_class,320,92860,13950,19280,44,0,0,0,44,0,437,17369,259,15765,,,,
946684800,pg_catalog,pg_opfamily,0,0,0,0,0,0,0,0,0,0,0,0,0,0,,,,
946684800,pg_catalog,pg_auth_members,0,0,0,0,0,0,0,0,0,0,0,0,0,0,,,,
946684800,pg_catalog,pg_operator,0,0,1478,1361,0,0,0,0,0,0,187,1156,278,3002,,,,
946684800,pg_temp_4,tmp_orderkey3,1,7559,2,15118,7559,0,0,0,7559,0,34,136,23,22,,,,
946684800,pg_catalog,pg_attribute,33,225,7813,15670,215,10,0,3,215,7,567,8501,224,16566,,,,
946684800,pg_toast,pg_toast_13098,0,0,0,0,0,0,0,0,0,0,0,0,0,0,,,,
946684800,pg_catalog,pg_tablespace,2,4,167,167,0,0,0,0,0,0,21,148,42,292,,,,
946684800,pg_catalog,pgxc_group,0,0,0,0,0,0,0,0,0,0,0,0,0,0,,,,
946684800,pg_toast,pg_toast_3592,0,0,0,0,0,0,0,0,0,0,0,0,0,0,,,,
946684800,pg_catalog,pg_statistic,0,0,1293,713,69,0,0,0,69,0,130,664,82,2816,17,59,7,50
946684800,pg_catalog,pg_aggregate,0,0,119,119,0,0,0,0,0,0,46,73,74,118,,,,
946684800,pg_catalog,pg_inherits,0,0,0,0,0,0,0,0,0,0,0,0,0,0,,,,
946684800,pg_catalog,pg_policy,0,0,0,0,0,0,0,0,0,0,0,0,0,0,,,,
946684800,public,partsupp,9,31977665,136915,3964355,3997208,0,0,0,3997261,0,1840217,3223995,106179,337947,,,,
946684800,pg_catalog,pg_enum,0,0,0,0,0,0,0,0,0,0,0,0,0,0,,,,
946684800,pg_temp_2,tmp_orderkey4,3,22230,0,0,7410,0,0,0,7410,0,33,132,0,0,,,,
946684800,pg_catalog,pg_replication_origin,0,0,0,0,0,0,0,0,0,0,0,0,0,0,,,,
946684800,pg_toast,pg_toast_2396,0,0,0,0,0,0,0,0,0,0,0,0,0,0,,,,
946684800,pg_catalog,pg_pltemplate,0,0,0,0,0,0,0,0,0,0,0,0,0,0,,,,
946684800,pg_toast,pg_toast_2618,0,0,155,496,0,0,0,0,0,0,102,146,34,214,,,,
946684800,pg_toast,pg_toast_3596,0,0,0,0,0,0,0,0,0,0,0,0,0,0,,,,
946684800,pg_temp_11,tmp_orderkey2,3,22287,0,0,7429,0,0,0,7429,0,33,132,0,0,,,,
946684800,public,lineitem,29,619358440,1160216,87530810,30042134,0,89491,0,29921391,120748,21588321,5035309,1324882,4790780,,,,
946684800,pg_toast,pg_toast_2606,0,0,0,0,0,0,0,0,0,0,0,0,0,0,,,,
946684800,information_schema,sql_sizing,0,0,,,0,0,0,0,0,0,0,0,,,0,0,0,0
946684800,pg_catalog,pg_transform,0,0,0,0,0,0,0,0,0,0,0,0,0,0,,,,
946684800,pg_toast,pg_toast_2964,0,0,0,0,0,0,0,0,0,0,0,0,0,0,,,,
946684800,pg_catalog,pg_database,103,394,1300,1298,1,0,0,0,1,0,36,1401,144,1709,,,,
946684800,pg_toast,pg_toast_2620,0,0,0,0,0,0,0,0,0,0,0,0,0,0,,,,
946684800,pg_catalog,pg_depend,0,0,374,402,102,0,0,0,102,0,48,452,65,1131,,,,
946684800,pg_catalog,pg_language,0,0,0,0,0,0,0,0,0,0,0,0,0,0,,,,
946684800,pg_catalog,pg_amproc,6,12,947,1394,0,0,0,0,0,0,48,905,113,2030,,,,
946684800,public,customer,21,31500000,59,2811853,1500000,0,0,0,1499967,0,1020394,326003,29059,1674,,,,
946684800,public,nation,40,1000,38716,38716,25,0,0,0,25,0,27,38739,7,38713,,,,
946684800,pg_catalog,pgxc_node,221,659,726,720,2,1,0,1,2,1,31,917,118,1048,,,,
946684800,pg_toast,pg_toast_13088,0,0,0,0,0,0,0,0,0,0,0,0,0,0,,,,
946684800,pg_catalog,pg_collation,0,0,81,81,0,0,0,0,0,0,27,54,120,123,,,,
946684800,pg_catalog,pg_range,0,0,0,0,0,0,0,0,0,0,0,0,0,0,,,,
946684800,pg_toast,pg_toast_2609,0,0,0,0,0,0,0,0,0,0,0,0,0,0,,,,
946684800,information_schema,sql_languages,0,0,,,0,0,0,0,0,0,0,0,,,0,0,0,0
946684800,pg_catalog,pg_opclass,6,6,889,9721,0,0,0,0,0,0,73,3454,109,1140,,,,
946684800,public,orders,22,146824776,423354,12399349,7504094,0,22398,0,7481632,22398,4139732,919298,114929,1319866,,,,
946684800,pg_catalog,pg_rewrite,0,0,217,217,0,0,0,0,0,0,85,132,34,338,102,146,68,428
946684800,pg_toast,pg_toast_1255,0,0,0,0,0,0,0,0,0,0,0,0,0,0,,,,
946684800,pg_catalog,pg_seclabel,0,0,0,0,0,0,0,0,0,0,0,0,0,0,0,0,0,0
946684800,pg_toast,pg_toast_13093,0,0,0,0,0,0,0,0,0,0,0,0,0,0,,,,
946684800,pg_catalog,pg_ts_parser,0,0,0,0,0,0,0,0,0,0,0,0,0,0,,,,
946684800,pg_catalog,pg_trigger,0,0,0,0,0,0,0,0,0,0,0,0,0,0,0,0,0,0
946684800,information_schema,sql_sizing_profiles,0,0,,,0,0,0,0,0,0,0,0,,,0,0,0,0
946684800,public,part,15,13993688,78,3508089,999302,0,0,0,999302,0,434321,120591,36576,2543,,,,
946684800,pg_catalog,pg_event_trigger,0,0,16,0,0,0,0,0,0,0,0,0,4,12,,,,
946684800,pg_catalog,pg_foreign_table,0,0,0,0,0,0,0,0,0,0,0,0,0,0,,,,
946684800,public,region,19210,96050,0,0,5,0,0,0,5,0,13,19207,1,0,,,,
946684800,pg_catalog,pg_shseclabel,0,0,0,0,0,0,0,0,0,0,0,0,0,0,0,0,0,0
946684800,pg_catalog,pg_extension,0,0,0,0,0,0,0,0,0,0,0,0,0,0,,,,
946684800,information_schema,sql_parts,0,0,,,0,0,0,0,0,0,0,0,,,0,0,0,0
946684800,pg_catalog,pg_ts_config,0,0,0,0,0,0,0,0,0,0,0,0,0,0,,,,
946684800,information_schema,sql_features,0,0,,,0,0,0,0,0,0,0,0,,,0,0,0,0
946684800,pg_catalog,pg_shdescription,0,0,0,0,0,0,0,0,0,0,0,0,0,0,0,0,0,0
946684800,pg_catalog,pg_cast,0,0,2983,1044,0,0,0,0,0,0,23,1021,39,3117,,,,
946684800,pg_catalog,pg_amop,0,0,1478,2384,0,0,0,0,0,0,143,2241,191,3079,,,,
946684800,pg_toast,pg_toast_13083,0,0,0,0,0,0,0,0,0,0,0,0,0,0,,,,
946684800,pg_catalog,pg_user_mapping,0,0,0,0,0,0,0,0,0,0,0,0,0,0,,,,
946684800,pg_catalog,pg_type,0,0,4299,4247,25,0,0,0,25,0,132,4156,188,4965,,,,
946684800,public,time_statistics,76,1641,,,40,38,0,38,40,39,40,114,,,,,,
946684800,pg_catalog,pg_largeobject,0,0,0,0,0,0,0,0,0,0,0,0,0,0,,,,
946684800,information_schema,sql_implementation_info,0,0,,,0,0,0,0,0,0,0,0,,,0,0,0,0
946684800,pg_catalog,pg_ts_config_map,0,0,0,0,0,0,0,0,0,0,0,0,0,0,,,,
946684800,pg_catalog,pg_largeobject_metadata,0,0,0,0,0,0,0,0,0,0,0,0,0,0,,,,
946684800,pg_catalog,pg_am,265,265,0,0,0,0,0,0,0,0,35,230,0,0,,,,
946684800,pg_catalog,pg_ts_template,0,0,0,0,0,0,0,0,0,0,0,0,0,0,,,,
946684800,pg_catalog,pg_foreign_server,0,0,0,0,0,0,0,0,0,0,0,0,0,0,,,,
946684800,pg_catalog,pg_namespace,292,1577,1467,1242,6,0,0,0,6,0,44,1415,110,1704,,,,
946684800,pg_toast,pg_toast_2619,0,0,26,34,23,0,0,0,23,0,17,59,7,50,,,,
946684800,pg_catalog,pg_authid,37,37,434,434,0,0,0,0,0,0,28,443,116,752,,,,
946684800,pg_catalog,pgxc_class,0,0,0,0,0,0,0,0,0,0,0,0,0,0,,,,
946684800,pg_catalog,pg_default_acl,0,0,18,0,0,0,0,0,0,0,0,0,4,14,,,,
946684800,pg_catalog,pg_shdepend,0,0,21,20,0,0,0,0,0,0,4,16,10,17,,,,
946684800,pg_catalog,pg_constraint,0,0,8,0,8,0,0,0,8,0,5,25,8,60,0,0,0,0
946684800,pg_toast,pg_toast_13078,0,0,0,0,0,0,0,0,0,0,0,0,0,0,,,,
946684800,pg_catalog,pg_index,176,23516,1885,2471,31,0,0,0,31,0,154,2587,121,2251,,,,
946684800,pg_toast,pg_toast_2604,0,0,0,0,0,0,0,0,0,0,0,0,0,0,,,,
946684800,pg_catalog,pg_ts_dict,0,0,0,0,0,0,0,0,0,0,0,0,0,0,,,,
946684800,pg_toast,pg_toast_13108,0,0,0,0,0,0,0,0,0,0,0,0,0,0,,,,
946684800,pg_catalog,pg_proc,0,0,3298,4386,0,0,0,0,0,0,464,3302,539,6467,0,0,0,0
